L1,L2,L3,L4,L5,Label,TitleLv,TitleEn,DescriptionLv,DescriptionEn,StandardRefs,SeeAlso,Piezīmes
1,0,0,0,0,Algebra,Algebra,Algebra,Visi uzdevumi par algebru,All problems in algebra.,,,
1,1,0,0,0,AlgebraicTransformations,Pārveidojumi un teksta uzdevumi,Transformations and word problems,"Uzdevumi par skaitļiem, to darbībām un skaitliskām nevienādībām. Teksta uzdevumu pārrakstīšana, izveidojot algebrisku modeli; manipulācijas ar algebriskām izteiksmēm.","Problems about numbers, operations on them and numerical inequalities. Rewriting word problems by building an algebraic model; manipulating algebraic expressions.",,,
1,1,1,0,0,Identities,Identitātes,Identities,Aritmētisku vai algebrisku identitāšu pamatošana vai lietošana izteiksmju pārveidojumos.,"Proving arithmetic or algebraic identities, or using them to transform expressions.",,,
1,1,1,1,0,ArithmeticOperations,Darbības ar naturāliem skaitļiem,Operations with natural numbers,Veselu skaitļu aritmētikas piemēri un aritmētiskas sakarības teksta uzdevumos un aprēķinos.,Examples of integer arithmetic and arithmetic relationships in word problems and computations.,,,Sk. https://problems.ru/view_by_subject_new.php?parent=849
1,1,1,2,0,RationalOperations,Darbības ar racionāliem skaitļiem,Operations with rational numbers,"Aritmētikas piemēri un sakarības teksta uzdevumos un aprēķinos, kur veic darbības ar racionālām daļām.",Arithmetic examples and relationships in word problems and computations involving rational fractions.,,,
1,1,1,3,0,StandardIdentities,Pamatidentitāšu lietošana,Using standard identities,"Summas kvadrāta formula $(a+b)^2 = a^2 + 2ab + b^2$; kvadrātu starpība $a^2 - b^2$; pakāpju īpašības, piemēram, $(a^m)^n = a^{mn}$.",The square of a sum $(a+b)^2 = a^2 + 2ab + b^2$; difference of squares $a^2 - b^2$; laws of exponents such as $(a^m)^n = a^{mn}$.,M.O.4.4.2.,,
1,1,1,4,0,AdvancedIdentities,Dažas nestandarta identitātes,Some non-standard identities,Augstāku pakāpju summa un starpība; Ņūtona binoms; S.Žermēnas identitāte; $a^3+b^3+c^3-3abc$,Sums and differences of higher powers; the binomial theorem; Sophie Germain's identity; $a^3+b^3+c^3-3abc$.,,,
1,1,1,5,0,CompletingSquare,Pilnā kvadrāta atdalīšana,Completing the square,"Kvadrātiskas izteiksmes pārveidošana, lai pazustu lineārais saskaitāmais, piemēram, $x^2 + px + q = (x+p/2)^2 + (q-p^2/4)$. Arī kā vispārīgs tehnisks paņēmiens citos uzdevumos.","Rewriting a quadratic expression so that the linear term disappears, e.g. $x^2 + px + q = (x+p/2)^2 + (q-p^2/4)$.",,AlgebraicTechniques,Apvienots ar bijušo CompletingTheSquare (1.5.1). https://problems.ru/view_by_subject_new.php?parent=956
1,1,2,0,0,SymmetricAlgebraicExpressions,Simetriskas un homogēnas izteiksmes,Symmetric and homogeneous expressions,Simetriskas izteiksmes un darbības ar homogēnām algebriskām izteiksmēm,Symmetric expressions and operations with homogeneous algebraic expressions.,,,
1,1,3,0,0,ConjugateExpressions,Saistītās izteiksmes,Conjugate expressions,"Algebriski pārveidojumi, piereizinot ar saistīto izteiksmi",Algebraic transformations obtained by multiplying by the conjugate expression.,,,
1,1,4,0,0,IntegerExpressionsAndOperations,Operācijas ar veselu skaitļu izteiksmēm,Operations with integer expressions,"Problems involving integer arithmetic, puzzles to fill in digits and operation signs, simple magic squares and other magic configurations.","Problems involving integer arithmetic, puzzles to fill in digits and operation signs, simple magic squares and other magic configurations.",,,
1,1,5,0,0,ComplexNumbers,Kompleksie skaitļi,Complex numbers,"Darbības ar kompleksajiem skaitļiem algebriskajā, trigonometriskajā vai eksponenciālajā formā. Kompleksi saistītais skaitlis. Kompleksa skaitļa modulis. Kompleksu skaitļu kāpināšana. ""Vieninieka saknes"" kompleksajā plaknē.","Operations with complex numbers in algebraic, trigonometric or exponential form. Complex conjugate. Modulus of a complex number. Powers of complex numbers. Roots of unity in the complex plane.",,Trigonometry,Sadaļa parasti būs algebras vai trigonometrijas uzdevumu risināšanas metode (interpretācija). Ģeometrijas uzdevumu interpretācijas ar kompleksiem skaitļiem sk. zem ģeometrijas.
1,1,6,0,0,DecomposingExpressionAsSum,Izteiksmju sadalīšana saskaitāmajos,Decomposing expressions into sums,"Racionālu daļu pārveidošana par summām vai starpībām, tsk. ieviešot nenoteiktos koeficientus.","Rewriting rational fractions as sums or differences, incl. by the method of undetermined coefficients (partial fractions).",,,
1,1,7,0,0,PowersRootsLogarithms,"Pakāpes, saknes un logaritmi","Powers, roots and logarithms","Ceturtās pakāpes saknes, pakāpes ar racionālu kāpinātāju un logaritma īpašības; izteiksmju pārveidojumi, kas satur saknes, pakāpes un logaritmus.","Properties of $n$-th roots, powers with rational exponents and logarithms; transformations of expressions containing radicals, powers and logarithms.",M.9.3.2.1.; M.O.3.1.1.; M.O.3.2.1.,,Jauna rinda (2026): skolas standartkursa saturs.
1,1,8,0,0,FractionsRatiosPercent,"Daļas, attiecības un procenti","Fractions, ratios and percent","Daļas, attiecības, proporcijas un procenti (tsk. procentuālais palielinājums/samazinājums un salīdzinājums) aprēķinos un teksta uzdevumos.","Fractions, ratios, proportions and percent (incl. percentage increase/decrease and comparison) in computations and word problems.",M.6.3.2.2.; M.6.3.2.4.; M.9.3.2.4.,,Jauna rinda (2026): skolas standartkursa saturs.
1,2,0,0,0,AlgebraicEquations,Vienādojumi,Equations,"Algebras uzdevumi, kuros prasīts atrisināt vienādojumu vai noteikt vienādojuma sakņu skaitu. Uzdevumi, kuros jāpēta vienādojuma atrisinājuma eksistence, jāpierāda, ka eksistē atrisinājums vai ka tas neeksistē.",Algebra problems that ask to solve an equation or determine the number of its roots. Problems that study the existence of a solution — proving that a solution exists or that it does not.,,,
1,2,1,0,0,FormingEquations,Vienādojumu sastādīšana,Setting up equations,"Vārdiski formulētas prasības pārveidot par vienādojumiem, ieviešot burtu apzīmējumus pēc vajadzības.","Translating verbally stated requirements into equations, introducing letter notation as needed.",M.O.4.5.7.,,
1,2,2,0,0,EquationSolving,Vienādojumu risināšana,Solving equations,"Uzdevumi, kur vienādojumus risina ar algebriskiem pārveidojumiem. Risināmie vienādojumi parasti ir reālos skaitļos (var būt rakstīts vienkārši ""atrisināt vienādojumu"", kas pats par sevi nozīmē, ka nav jāaprobežojas ar veseliem vai naturāliem skaitļiem).","Problems where equations are solved by algebraic transformations. The equations are usually over the real numbers (a plain instruction ""solve the equation"" by itself means one need not restrict to integers or naturals).",M.9.4.3.4.; M.O.4.5.1.,,
1,2,2,1,0,EquationFactorization,Sadalīšana reizinātājos,Factoring,"Vienādojumu dalīšana reizinātājos, tsk. izmantojot uzminētas saknes","Factoring equations, incl. by guessing roots.",,,
1,2,2,2,0,EquationSubstitution,Jaunu mainīgo ieviešana,Introducing new variables,"Vienādojumu risināšana ar substitūcijas metodi, apzīmējot apakšizteiksmes ar jauniem mainīgajiem.","Solving equations by substitution, denoting sub-expressions by new variables.",,,
1,2,2,3,0,EquationsApplyInequalities,Nevienādību lietošana vienādojumiem,Using inequalities for equations,"Vienādojumu risināšana un analīze, izmantojot zināmas nevienādības un novērtējumus (piemēram, parādot, ka viena puse vienmēr nav mazāka par otru).",Solving and analysing equations by means of known inequalities and estimates (e.g. showing that one side is always at least as large as the other).,,ProvingInequalities,Apvienots ar bijušo InequalityApplication (1.2.3.2).
1,2,2,4,0,EquationComparingSidesAsFunctions,"Vienādojuma abu pušu pētīšana, uztverot tās kā funkcijas",Studying both sides of an equation as functions,"Parametrizēt vairāku mainīgo vienādojumu, pieņemot kādu no mainīgajiem par parametru; tad pētīt abas puses kā funkcijas no otra mainīgā.",Parametrising a multivariable equation by treating one of the variables as a parameter; then studying both sides as functions of the other variable.,,,
1,2,2,5,0,EquationReductionToSystem,Vienādojuma reducēšana uz vienādojumu sistēmu,Reducing an equation to a system,"Vienādojuma atrisināšana, to pārrakstot kā ekvivalentu vienādojumu sistēmu.",Solving an equation by rewriting it as an equivalent system of equations.,,,
1,2,2,6,0,FundamentalTheoremAlgebra,Algebras pamatteorēma,Fundamental theorem of algebra,"Algebras pamatteorēma reālo skaitļu variantā - ja $n$-tās pakāpes polinomam $P(x)$ ir $n$ saknes, tad to var izteikt kā vecākā koeficienta $a_n$ reizinājumu ar pirmās pakāpes polinomiem $(x-x_i)$, kur $x_i$ ir $i$-tā sakne. Un ja polinomam ir sakne $x_i$, tātad tas dalās ar $x-x_i$ bez atlikuma.","The real-number version of the fundamental theorem of algebra: if a degree-$n$ polynomial $P(x)$ has $n$ roots, it factors as the leading coefficient $a_n$ times linear factors $(x-x_i)$, where $x_i$ is the $i$-th root. And if a polynomial has a root $x_i$, it is divisible by $x-x_i$ without remainder.",,,
1,2,2,7,0,ExponentialLogarithmicEquations,Eksponentvienādojumi un logaritmiskie vienādojumi,Exponential and logarithmic equations,"Eksponentvienādojumu, logaritmisko vienādojumu un attiecīgo nevienādību risināšana, izmantojot eksponentfunkcijas un logaritmiskās funkcijas īpašības.",Solving exponential and logarithmic equations and inequalities using the properties of exponential and logarithmic functions.,M.O.4.5.3.; M.O.4.5.5.,,Jauna rinda (2026): skolas standartkursa saturs.
1,2,3,0,0,EquationAnalysis,"Vienādojumu pētīšana, tos neatrisinot",Studying equations without solving them,Pamatojami apgalvojumi par vienādojumiem vai to saknēm (bet bez prasības atrast šīs saknes).,Statements about equations or their roots that must be justified (without being required to find the roots).,,,
1,2,3,1,0,QuadraticEquationAnalysis,Kvadrātvienādojumu pētīšana,Studying quadratic equations,"Kvadrātvienādojumu analīze un secināšana, ja nav zināmi to koeficienti",Analysing quadratic equations and drawing conclusions when the coefficients are not known.,,,
1,2,3,1,1,QuadraticEquationRootConditions,Kvadrātvienādojuma atrisinājumu eksistences nosacījumi,Conditions for the existence of quadratic roots,"Par $ax^2+bx+c=0$ saknēm secina, izmantojot diskriminanta zīmi: $D=b^2-4ac$",Conclusions about the roots of $ax^2+bx+c=0$ using the sign of the discriminant $D=b^2-4ac$.,,,
1,2,3,2,0,VietaFormulas,Vjeta formulu lietošana,Using Vieta's formulas,"Vjeta formulas, kas saista polinoma saknes ar tā koeficientiem.",Vieta's formulas relating the roots and the coefficients of a polynomial.,,PolynomialVietaFormula,
1,2,3,3,0,DescartesRuleOfSigns,Dekarta likums,Descartes' rule of signs,"Polinoma pozitīvo sakņu skaits vienāds ar zīmju maiņu skaitu polinoma koeficientos, vai arī ir mazāks nekā zīmju maiņu skaits par pāra skaitli","The number of positive roots of a polynomial equals the number of sign changes in its coefficient sequence, or is smaller than that by an even number.",,,
1,2,3,4,0,EquationSolvingWithRealAnalysis,Matemātiskās analīzes metodes,Methods of mathematical analysis,Reālās analīzes izmantošana algebras uzdevumos,Using real analysis in algebra problems.,,,
1,2,3,4,1,EquationsAndMonotonicity,Monotonitātes izmantošana,Using monotonicity,"Vienādojuma risināšana, nepārtraukti vai nelielos soļos palielinot vienu vai samazinot otru vienādojuma pusi",Solving equations by continuously (or in small steps) increasing one side or decreasing the other.,,,
1,2,3,4,2,EquationsAndContinuity,Nepārtrauktības izmantošana,Using continuity,"Vienādojumu risināšana, izmantojot funkciju nepārtrauktības īpašības.",Solving equations using continuity properties of functions.,,,
1,2,3,4,3,EquationsAndExtremeValues,Ekstrēmu vērtību izmantošana,Using extreme values,"Vienādojumu risināšana, aplūkojot ekstrēmās vērtības",Solving equations by considering extreme values.,,,
1,2,3,4,4,EquationsAndIntegrals,Integrāļa izmantošana,Using integrals,"Vienādojumu risināšana, izmantojot integrāļus un to īpašības.",Solving equations using integrals and their properties.,,,
1,2,3,4,5,EquationsAndFunctionPlots,Grafiku pielietošana,Using function graphs,"Vienādojumu risināšana, izmantojot funkciju grafikus Dekarta koordinātēs.",Solving equations using function graphs in Cartesian coordinates.,,,
1,3,0,0,0,ProvingInequalities,Nevienādības,Inequalities,"Uzdevumi, kuros jāpierāda vai jāapgāž, ka vienmēr ir pareiza kāda nevienādība. Kā arī uzdevumi, kuros jārisina nevienādības kādam mainīgajam.",Problems where an inequality must be proved or disproved to always hold; also problems where an inequality must be solved for some variable.,,,
1,3,1,0,0,InequalitiesEquivalentTransformations,Ekvivalento pārveidojumu metode,Method of equivalent transformations,"Pamatojamo nevienādību ķēdītes izrakstīšana tā, ka ikviena nākamā nevienādība ir ekvivalenta ar pirmo",Writing out a chain of inequalities in which every subsequent inequality is equivalent to the first one.,,,
1,3,2,0,0,InequalityProvingStronger,Nevienādības pastiprināšanas metode,Strengthening the inequality,"Pamatojamo nevienādību ķēdītē nevienādības tiek pastiprinātas tā, lai no nākamās nevienādības sekotu iepriekšējās.",In the chain of inequalities each step is strengthened so that the previous inequality follows from the next.,,,
1,3,3,0,0,ModulusFunctionProperties,Absolūtās vērtības funkcijas īpašības,Properties of the absolute value function,"Absolūtās vērtības funkcijas īpašību, piemēram, $|a+b|\le|a|+|b|$, izmantošana nevienādību pamatošanā vai risināšanā.","Using the properties of the absolute value function, e.g. $|a+b|\le|a|+|b|$, in proving or solving inequalities.",,,
1,3,4,0,0,ProvingInequalitiesWithOtherInequalities,Citu nevienādību izmantošana,Using known inequalities,"Zināmu nevienādību izmantošana, lai pierādītu citas nevienādības.",Using known inequalities to prove other inequalities.,,,
1,3,4,1,0,AddingOrMultiplyingInequalities,Vairāku nevienādību saskaitīšana vai reizināšana,Adding or multiplying several inequalities,"Vairāku nevienādību apvienošana, tās saskaitot vai sareizinot.",Combining several inequalities by adding or multiplying them.,,,
1,3,4,2,0,CauchyBunyakovsky,Košī-Buņakovska nevienādība,Cauchy–Schwarz inequality,Košī-Buņakovska-Švarca nevienādība $(\sum a_ib_i)^2 \le (\sum a_i^2)(\sum b_i^2)$ un tās lietojumi.,The Cauchy–Bunyakovsky–Schwarz inequality $(\sum a_ib_i)^2 \le (\sum a_i^2)(\sum b_i^2)$ and its applications.,,,
1,3,4,3,0,ChebyshevInequality,Čebiševa nevienādība,Chebyshev's sum inequality,Čebiševa summu nevienādība vienādi un pretēji sakārtotām virknēm.,Chebyshev's sum inequality for similarly and oppositely ordered sequences.,,,
1,3,4,4,0,JensenInequality,Jensena nevienādība,Jensen's inequality,Jensena nevienādība izliektām un ieliektām funkcijām.,Jensen's inequality for convex and concave functions.,,,
1,3,5,0,0,AlgebraProblemsWithExtremes,Ekstrēmu uzdevumi,Extremum problems,"Algebras uzdevumi, kuros jāatrod lielākā vai mazākā iespējamā vērtība.",Algebra problems asking for the largest or smallest possible value.,,,
1,3,5,1,0,ExtremeProblemsAndInequalities,"Ekstrēmu uzdevumu risināšana, izmantojot nevienādības",Finding extremes via inequalities,"Ekstrēmu meklēšana, izmantojot zināmas nevienādības.",Finding extremes by means of known inequalities.,,,
1,3,5,1,1,AmGmInequality,Nevienādība starp vidējo aritmētisko un vidējo ģeometrisko,AM–GM inequality,Pozitīviem skaitļiem ģeometriskais vidējais nepārsniedz aritmētisko vidējo (vienādība t.t.t. ja visi skaitļi vienādi),For positive numbers the geometric mean does not exceed the arithmetic mean (equality iff all the numbers are equal).,,,
1,3,5,1,2,OtherMeanInequalities,Nevienādības starp citiem vidējiem lielumiem,Inequalities between other means,"Arī vidējais kvadrātiskais (QM), vidējais harmoniskais (HM) - nevienādības, kas tos saista ar AM un GM",Also the quadratic mean (QM) and the harmonic mean (HM) — the inequalities connecting them with AM and GM.,,,
1,3,5,2,0,GeometricInterpretationOfInequalities,Ģeometriskas interpretācijas lietošana,Using geometric interpretations,Algebrisku nevienādību un ekstrēmu pamatošana ar ģeometriskām interpretācijām.,Proving algebraic inequalities and extremes through geometric interpretations.,,,
1,3,5,2,1,LengthOfPolygonalChain,Lauztas līnijas garums,Length of a polygonal chain,"Summu novērtēšana ar lauztas līnijas garumu: lauzta līnija nav īsāka par nogriezni, kas savieno tās galapunktus.",Estimating sums via the length of a polygonal chain: the chain is at least as long as the segment joining its endpoints.,,,
1,3,5,2,2,InequalitiesForDistanceSums,Attālumu summa,Sums of distances,Attālumu summu novērtēšana starp punktiem ģeometriski.,Estimating sums of distances between points geometrically.,,,
1,3,5,2,3,InequalitiesForAreas,Laukums,Area,"Algebrisku lielumu interpretēšana kā laukumus, lai iegūtu nevienādības.",Interpreting algebraic quantities as areas to obtain inequalities.,,,
1,3,5,3,0,IncreasingFunctionValues,Funkcijas vērtības pakāpeniska palielināšana,Increasing the value of a function step by step,"Ekstrēma atrašana, parādot, ka jebkuru kandidātu var soli pa solim uzlabot.",Finding an extremum by showing that any candidate configuration can be improved step by step.,,,
1,3,5,4,0,ReplacingFunctionWithUpperBound,Funkcijas aizstāšana ar to mažorējošu funkciju,Replacing a function by a majorant,"Nevienādības mazākās puses aizstāšana ar funkciju, kas ir tās augšējais novērtējums",Replacing the smaller side of an inequality by a function that is an upper bound for it.,,,"""majorant function"" termins eksistē, bet parasti to lieto augstskolu analīzē un diferenciālvienādojumos"
1,3,5,5,0,FindingExtremesWithAlgorithm,"Ekstrēma atrašana, konstruējot algoritmu tā meklēšanai",Finding an extremum by constructing a search algorithm,"Ekstrēma atrašana, konstruējot algoritmu tā meklēšanai.",Finding an extremum by designing an algorithm that searches for it.,,,
1,3,5,6,0,FindingExtremesWithFunctionProperties,"Ekstrēma atrašana, lietojot zināmas funkcijas īpašības",Finding an extremum using known properties of functions,"Ekstrēma atrašana, izmantojot zināmas funkciju īpašības (monotonitāti, izliektību, simetriju u.c.).","Finding an extremum using known properties of specific functions (monotonicity, convexity, symmetry etc.).",,,
1,3,6,0,0,InequalitySolving,Algebrisku nevienādību risināšana,Solving algebraic inequalities,"Nevienādību atrisināšana kādam mainīgajam — visu vērtību kopas atrašana, kurām nevienādība izpildās.",Solving inequalities for a variable — finding the set of values for which the inequality holds.,,,
1,3,6,1,0,InequalitySolvingWithTransformations,Nevienādību risināšana ar pārveidojumiem,Solving inequalities by transformations,"Nevienādību risināšana ar ekvivalentiem algebriskiem pārveidojumiem, tsk. intervālu metodi.","Solving inequalities by equivalent algebraic transformations, incl. the interval (sign chart) method.",M.9.4.3.4.; M.O.4.5.2.,,
1,3,6,2,0,InequalitySolvingWithRealAnalysis,Matemātiskā analīze nevienādību pamatošanā,Mathematical analysis in proving inequalities,"Funkciju pētīšana, monotonitāte, nepārtrauktība un citas analīzes metodes nevienādību pamatošanā.","Studying functions — monotonicity, continuity and other analysis methods — in proving inequalities.",,,
1,3,6,2,1,RealAnalysisAndExtremes,Ekstrēma atrašana,Finding extremes,"Nevienādību pamatošana, atrodot piemērotas funkcijas ekstrēmus.",Justifying inequalities by finding the extremes of a suitable function.,,,
1,3,6,2,2,RealAnalysisAndMonotonicity,Funkcijas monotonitāte,Monotonicity of a function,"Nevienādību pamatošana, izmantojot piemērotas funkcijas monotonitāti.",Justifying inequalities using the monotonicity of a suitable function.,,,
1,3,6,2,3,InequalitiesAndIntegrals,Integrāļa lietošana,Using integrals,"Nevienādību pamatošana, salīdzinot integrāļus, summas un laukumus zem grafikiem.","Justifying inequalities by comparing integrals, sums and areas under graphs.",,,
1,3,7,0,0,LinearOptimization,Nevienādību sistēmas; lineārā programmēšana,Systems of inequalities; linear programming,"Lineāru nevienādību sistēmas, pieļaujamie apgabali un lineāra mērķa optimizēšana (lineārā programmēšana).","Systems of linear inequalities, feasible regions and optimising a linear objective (linear programming).",M.O.4.5.6.,,
1,4,0,0,0,EquationSystems,Vienādojumu sistēmas,Systems of equations,Vienādojumu sistēmu risināšana un atrisinājumu eksistences analīze.,Solving systems of equations and analysing the existence of solutions.,,,
1,4,1,0,0,LinearSystems,Lineāru vienādojumu sistēmas,Systems of linear equations,Lineāru vienādojumu sistēmu risināšana.,Solving systems of linear equations.,,,
1,4,1,1,0,BasisOfVectorSpace,Vektoru sistēmu bāzes,Bases of vector systems,Lineāras telpas elementu izteikšana ar nedaudziem bāzes elementiem.,Expressing elements of a linear space through a few basis elements.,,,
1,4,1,2,0,LinearSystemsApplications,Lineāru sistēmu lietojumi,Applications of linear systems,Lineāru sistēmu lietojumi teksta uzdevumos un citās matemātikas nozarēs.,Applications of linear systems in word problems and other parts of mathematics.,,,
1,4,2,0,0,NonlinearSystems,Nelineāras sistēmas,Nonlinear systems,Nelineāru vienādojumu sistēmu risināšana,Solving systems of nonlinear equations.,,,
1,4,2,1,0,SystemsVariableElimination,Mainīgo izslēgšanas metode sistēmās,Variable elimination in systems,"Sistēmu risināšana, izslēdzot mainīgos (vienādojumus saskaitot, atņemot vai kombinējot).","Solving systems by eliminating variables (adding, subtracting or combining equations).",,,
1,4,2,2,0,SystemsSubstituteVariables,Ievietošanas metode,Substitution method,"Vienādojumu sistēmu risināšana, izsakot mainīgos vai ievietojot zināmās vērtības.",Solving systems of equations by expressing variables or substituting known values.,,,
1,4,2,3,0,SystemsApplyInequalities,Nevienādību pielietošana,Using inequalities,"Vienādojumu sistēmu analīze, izmantojot zināmas nevienādības.",Analysing systems of equations by means of known inequalities.,,,
1,4,2,4,0,SystemsCyclicSolutionMethods,Speciālās ciklisko sistēmu risināšanas metodes,Special methods for cyclic systems,"Speciālas metodes ciklisku un simetrisku sistēmu risināšanai (piemēram, nezināmo sakārtošana, visu vienādojumu saskaitīšana).","Special methods for solving cyclic and symmetric systems (e.g. ordering the unknowns, adding all equations).",,,
1,4,3,0,0,SystemsOtherMethods,Dažādas metodes,Various methods,Citas vienādojumu sistēmu risināšanas metodes.,Other methods for solving systems of equations.,,,
1,5,0,0,0,AlgebraicTechniques,Algebriski un analītiski tehniskie paņēmieni,Algebraic and analytic techniques,"Uzdevumi, kuros jaunu mainīgo ievietošana, identiski pārveidojumi un arī nevienādību pastiprināšana ir būtiska atrisinājuma sastāvdaļa. Arī citas situācijas, kurās ievietojot piemērotas izteiksmes, var izmantot kādu zināmu rezultātu.","Problems where introducing new variables, identical transformations and strengthening of inequalities are an essential part of the solution. Also other situations where substituting suitable expressions makes a known result applicable.",,,https://problems.ru/view_by_subject_new.php?parent=672
1,5,1,0,0,MethodOfInfiniteDescent,Pazemināšanas metode,Method of descent,Uzdevuma reducēšana uz stingri mazāku tā paša uzdevuma gadījumu (bezgalīgā kritiena metode).,Reducing a problem to a strictly smaller instance of the same problem (infinite descent).,,,https://problems.ru/view_by_subject_new.php?parent=676
1,5,2,0,0,WorkingBackwards,Risināšana no beigām,Working backwards,"Uzdevuma risināšana, sākot no prasītā beigu stāvokļa un spriežot atpakaļgaitā.",Solving a problem by starting from the required final state and reasoning backwards.,,,https://problems.ru/view_by_subject_new.php?parent=677
1,5,3,0,0,ApplyingAlgebraicProcedures,Algebriski procesi un operācijas,Algebraic processes and operations,"Algebriskas procedūras risinājumos: saskaitīšana divos veidos, sadalīšana pāros, pārgrupēšana, gadījumu pārlase, mainīgo ieviešana.","Algebraic procedures used inside solutions: counting in two ways, pairing, regrouping, case analysis, introducing variables.",,,
1,5,3,1,0,DoubleCounting,Saskaitīšana divos veidos,Counting in two ways,"Metode, kas pierāda izteiksmju vienādību, pamatojot, ka to var saskaitīt divos veidos.",A method proving that expressions are equal by showing they count the same quantity in two ways.,,,https://problems.ru/view_by_subject_new.php?parent=678
1,5,3,2,0,PartitioningInPairsBijections,"Sadalījums pāros vai grupās, bijekcijas",Partition into pairs or groups; bijections,"Objektu sadalīšana pāros vai grupās, vai bijekcijas konstruēšana starp divām kopām.","Partitioning objects into pairs or groups, or constructing a bijection between two sets.",,,https://problems.ru/view_by_subject_new.php?parent=679
1,5,3,3,0,ExpressionRegrouping,Cita saskaitāmo vai reizinātāju pārgrupēšana,Other regroupings of terms or factors,Izteiksmes saskaitāmo vai reizinātāju pārgrupēšana citā noderīgā veidā.,Regrouping the terms or factors of an expression in some other useful way.,,,
1,5,3,4,0,CaseAnalysis,Gadījumu pārlase,Case analysis,Pilnīga iespējamo gadījumu pārlase.,A complete enumeration of the possible cases.,,,
1,5,3,5,0,ReplacingVariables,Mainīgo ieviešana,Introducing variables,Jaunu mainīgo vai apzīmējumu ieviešana izteiksmju vienkāršošanai.,Introducing new variables or notation to simplify expressions.,,,
1,5,4,0,0,IterationMethod,Iterācijas,Iterations,Operācijas vai funkcijas atkārtotas lietošanas (iterāciju) pētīšana.,Studying repeated application of an operation or function (iterations).,,,https://problems.ru/view_by_subject_new.php?parent=680
1,5,5,0,0,InvolutionTransformationsInAlgebra,Simetrija un involūcijas pārveidojumi,Symmetry and involutive transformations,Izteiksmju un vienādojumu simetriju un involūciju (pašinverso pārveidojumu) izmantošana.,Using symmetry and involutions (self-inverse transformations) of expressions and equations.,,,https://problems.ru/view_by_subject_new.php?parent=692
1,6,0,0,0,NumericSequences,Skaitļu virknes,Numeric sequences,Aritmētiskā progresija. Ģeometriskā progresija. Rekurentas skaitļu virknes. Galīgas un bezgalīgas summas,Arithmetic progression. Geometric progression. Recurrent number sequences. Finite and infinite sums.,,SystemsOfSubsequences,
1,6,1,0,0,ArithmeticAndGeometricSeries,Aritmētiskās un ģeometriskās progresijas,Arithmetic and geometric progressions,"Aritmētiskās un ģeometriskās progresijas, to vispārīgie locekļi un summas.","Arithmetic and geometric progressions, their general terms and sums.",M.O.4.1.1.; M.O.4.1.2.,,
1,6,1,1,0,SeriesMembersSumsClosedFormulas,Vispārīgā locekļa un summas formulas,Formulas for the general term and the sum,Slēgtās formulas progresiju vispārīgajiem locekļiem un summām.,Closed formulas for the general terms and sums of progressions.,,,
1,6,1,1,1,SeriesOneToNSum,Summa $1+2+\ldots+n$,The sum $1+2+\ldots+n$,Formula $1+2+\ldots+n = \frac{n(n+1)}{2}$ un lietojumi,The formula $1+2+\ldots+n = \frac{n(n+1)}{2}$ and its applications.,,,
1,6,1,1,2,SeriesArithmeticSum,Citu aritmētisku progresiju summas,Sums of other arithmetic progressions,Patvaļīgas aritmētiskas progresijas summas formula un tās lietojumi.,The sum formula for a general arithmetic progression and its applications.,,,
1,6,1,1,3,SeriesGeometricFinite,Galīgas ģeometriskas progresijas summa,Sum of a finite geometric progression,Galīgas ģeometriskas progresijas summas formula.,The sum formula for a finite geometric progression.,,,
1,6,1,1,4,SeriesGeometricInfinite,Bezgalīgas ģeometriskas progresijas summa,Sum of an infinite geometric progression,Bezgalīgi dilstošas ģeometriskas progresijas summa.,The sum of an infinite decreasing geometric progression.,,,
1,6,1,2,0,SeriesInterpretations,Rindu summu interpretācijas,Interpretations of series sums,Rindu summu kombinatoriskas vai ģeometriskas interpretācijas.,Combinatorial or geometric interpretations of sums of series.,,,
1,6,1,3,0,SequenceSplittingIntoProgressions,Sadalīšana progresijās,Splitting into progressions,Virknes vai skaitļu kopas sadalīšana aritmētiskās vai ģeometriskās progresijās.,Splitting a sequence or a set of numbers into arithmetic or geometric progressions.,,,
1,6,1,4,0,DecimalDigitsOfSeries,Progresiju locekļu decimālie cipari,Decimal digits of progression terms,Apgalvojumi par progresiju locekļu decimālpieraksta cipariem.,Statements about the decimal digits of the terms of progressions.,,,
1,6,1,5,0,ArithmeticPropertiesOfSeries,Progresiju locekļu aritmētiskās īpašības,Arithmetic properties of progression terms,Progresiju locekļu dalāmība un citas aritmētiskas īpašības.,Divisibility and other arithmetic properties of the terms of progressions.,,,
1,6,1,6,0,SequenceGaps,Virknes locekļu starpības,Differences of sequence terms,Izmantot spriedumus par dažu virkņu kaimiņu locekļu starpībām,Using reasoning about the differences of neighbouring terms of certain sequences.,,,
1,6,1,6,1,FullPowerGaps,Pilnu pakāpju starpības,Gaps between perfect powers,Pilnu kvadrātu atstarpes veido aritmētisku progresiju $2k+1$,The gaps between consecutive perfect squares form the arithmetic progression $2k+1$.,,,
1,6,1,6,2,GeometricSeriesGaps,Ģeometriskas progresijas locekļu starpības,Gaps in a geometric progression,"Izmantot to, ka $2^n$ locekļu starpības aug ģeometriskā progresijā.",Using the fact that the differences of terms $2^n$ grow geometrically.,,,
1,6,2,0,0,RecurrentSequences,Rekurentas virknes,Recurrent sequences,Ar rekurentām sakarībām uzdotas virknes un to īpašības.,Sequences given by recurrence relations and their properties.,,,
1,6,2,1,0,DefiningRecurrentSequences,Rekurento virkņu sastādīšana un lietojumi skaitliska rezultāta iegūšanai,Setting up recurrent sequences and applications,Rekurentu sakarību sastādīšana un lietošana skaitliska rezultāta iegūšanai.,Setting up recurrence relations and using them to obtain a numerical result.,,,
1,6,2,2,0,FibonacciNumbers,Fibonači skaitļi un to īpašības,Fibonacci numbers and their properties,"Fibonači virkne, tās identitātes, dalāmības un augšanas īpašības.","The Fibonacci sequence, its identities, divisibility and growth properties.",,,
1,6,2,3,0,RecurrentSequencesGrowthEstimates,Rekurento virkņu augšanas novērtējumi,Growth estimates for recurrent sequences,"Raksturīgie vienādojumi, pāreja uz homogēno virkni, nevienādības virknēm","Characteristic equations, passing to the homogeneous sequence, inequalities for sequences.",,,
1,6,2,4,0,RecurrentSequencesClosedFormulas,Rekurento virkņu vispārīgo locekļu formulas,Closed formulas for recurrent sequences,Pāreja no rekurencēm uz slēgtām formulām,Passing from recurrences to closed-form formulas.,,,
1,6,3,0,0,SequencePeriodicity,Periodiskums un neperiodiskums,Periodicity and non-periodicity,"Virkņu periodiskuma pamatošana, arī izmantojot rekurentas sakarības","Proving periodicity of sequences, incl. via recurrence relations.",,,
1,6,4,0,0,Monotonicity,Monotonitāte,Monotonicity,Monotonas (augošas vai dilstošas) virknes un to īpašības.,Monotone (increasing or decreasing) sequences and their properties.,,,
1,6,5,0,0,RepetitiveFragmentsInSequenceSystems,Fragmentu atkārtošanās virkņu sistēmās,Repeating fragments in systems of sequences,Atkārtojošos fragmentu vai likumsakarību atrašana virkņu sistēmās.,Finding repeating fragments or patterns in systems of sequences.,,,
1,6,6,0,0,ArbitrarySequencesInequalities,Nevienādības patvaļīgām virknēm,Inequalities for arbitrary sequences,"Nevienādības, kas izpildās patvaļīgām skaitļu virknēm.",Inequalities that hold for arbitrary sequences of numbers.,,,
1,6,7,0,0,SequencesAndMeanValues,Skaitļu virknes un vidējās vērtības,Number sequences and mean values,Vidējās vērtības spriedumu lietošana skaitļu virknēm.,Applying mean value (averaging) arguments to number sequences.,,,https://www.nms.lu.lv/fileadmin/user_upload/lu_portal/projekti/nms.lu.lv/Gramatas/Tematiskie/VidVeertMet_1996.pdf
1,6,7,1,0,ProvingFinitenessOfSomeProcess,"Uzdevumi, kuros jāpierāda, ka kāds process ir galīgs",Proving that a process is finite,"Uzdevumi, kuros jāpierāda, ka kāds process beidzas galīgā laikā.",Problems where it must be proved that some process terminates.,,,
1,6,7,2,0,DecomposingSumIntoInfinitelyManyParts,Summas sadalīšana bezgalīgi daudzos saskaitāmajos,Decomposing a sum into infinitely many parts,"Lieluma sadalīšana bezgalīgi daudzos saskaitāmajos, piemēram, ar bezgalīgu ģeometrisku progresiju.","Decomposing a quantity into infinitely many summands, e.g. via an infinite geometric series.",,,
1,7,0,0,0,RealAnalysis,Reālā analīze,Real analysis,"Nepārtrauktas funkcijas, reālās analīzes metodes, robežas, atvasinājumi, integrāļi","Continuous functions, methods of real analysis, limits, derivatives, integrals.",,,
1,7,1,0,0,StudyingContinuousFunctions,Nepārtrauktu funkciju pētīšana,Studying continuous functions,Reāla argumenta elementāro funkciju īpašības un grafiki.,Properties and graphs of elementary functions of a real argument.,M.O.4.2.1.,,
1,7,1,1,0,LinearFunctions,Lineāras funkcijas,Linear functions,Lineāru funkciju vienādojums $y=ax+b$; krustojums ar $y$ asi un virziena koeficients,The equation of a linear function $y=ax+b$; the $y$-intercept and the slope.,,,
1,7,1,2,0,QuadraticFunctions,Kvadrātiskas funkcijas,Quadratic functions,"Kvadrātfunkcija, tās grafiks (parabola), virsotne un ekstrēmu īpašības.","The quadratic function, its graph (parabola), vertex and extremal properties.",,,
1,7,1,3,0,ExponentialLogarithmicFunctions,Eksponentfunkcija un logaritmiskā funkcija,Exponential and logarithmic functions,Eksponentfunkcijas un logaritmiskās funkcijas īpašības un grafiki; monotonitāte un augšanas salīdzināšana.,Properties and graphs of exponential and logarithmic functions; monotonicity and growth comparisons.,M.O.4.2.5.; M.O.3.3.1.,,Jauna rinda (2026): skolas standartkursa saturs.
1,7,1,4,0,FunctionGraphTransformations,Funkciju grafiku pārveidojumi,Transformations of function graphs,"Funkciju $y=f(x+a)$, $y=f(x)+a$, $y=kf(x)$, $y=f(kx)$ grafiki; saliktas funkcijas un īpašību nolasīšana no grafika.","Graphs of $y=f(x+a)$, $y=f(x)+a$, $y=kf(x)$, $y=f(kx)$; composite functions and reading properties from graphs.",M.O.4.2.3.; M.O.4.2.4.,,Jauna rinda (2026): skolas standartkursa saturs.
1,7,2,0,0,ComputingLimits,Robežas aprēķināšana,Computing limits,Virkņu un funkciju robežu aprēķināšana.,Computing the limits of sequences and functions.,M.A.4.3.1.,,
1,7,2,1,0,LimitDefinitionAndProperties,Definīcija un pamatīpašības,Definition and basic properties,Robežas definīcija un tās pamatīpašības.,The definition of a limit and its basic properties.,,,
1,7,2,2,0,TheoremsAboutLimits,Teorēmas par robežām,Theorems about limits,"Teorēmas par robežām: robežu aritmētika, teorēma par ierobežošanu (""policistu teorēma""), monotonas ierobežotas virknes robeža.","Theorems about limits: arithmetic of limits, the squeeze theorem, the limit of a monotone bounded sequence.",,,
1,7,2,3,0,InequalitiesAsVariableApproachesLimit,Robežpāreja nevienādībās,Passing to the limit in inequalities,Robežpāreja nevienādībās.,Passing to the limit in inequalities.,,,
1,7,2,4,0,IterativeProcesses,Iteratīvi procesi,Iterative processes,"Iteratīvu procesu robežas, tsk. iterētu funkciju nekustīgie punkti.","Limits of iterative processes, incl. fixed points of iterated functions.",,,
1,7,3,0,0,AdvancedCounting,Summu aprēķināšana,Computing sums,Paņēmieni galīgu un bezgalīgu summu aprēķināšanai.,Techniques for computing finite and infinite sums.,,,
1,7,3,1,0,CreatingLinearCombinations,Lineāru kombināciju veidošana,Forming linear combinations,"Summu aprēķināšana, veidojot piemērotas zināmu summu lineāras kombinācijas.",Computing sums by forming suitable linear combinations of known sums.,,,
1,7,3,2,0,TelescopicSums,Teleskopiskā metode,Telescoping method,"Summu aprēķināšana ar teleskopisko metodi — locekļus izsakot kā starpības, lai vidusdaļas saīsinās.",Computing sums by telescoping — writing terms as differences so that intermediate parts cancel.,,,
1,7,3,3,0,CountingBackAndForth,"Skaitīšana ""turp-atpakaļ""",Counting back and forth,"Summas aprēķināšana, pierakstot to pretējā secībā un abus pierakstus saskaitot (Gausa paņēmiens).",Computing a sum by writing it in reverse order and adding the two representations (Gauss's trick).,,,
1,7,3,4,0,AbelFormula,Ābela formula,Abel's formula,Ābela summēšana (summēšana pa daļām) un tās lietojumi.,Abel summation (summation by parts) and its applications.,,,
1,7,3,5,0,GeneratingFunctions,Veidotājfunkciju metode,Method of generating functions,Veidotājfunkciju izmantošana summu aprēķināšanai un objektu skaitīšanai.,Using generating functions to compute sums and count objects.,,,
1,7,4,0,0,Derivatives,Atvasinājumi,Derivatives,"Funkcijas atvasinājums: aprēķināšanas likumi, pieskares, atvasinājuma lietošana funkciju monotonitātes un ekstrēmu pētīšanai.","The derivative of a function: computation rules, tangent lines, and using the derivative to study monotonicity and extremes of functions.",M.A.4.3.2.; M.A.4.3.3.; M.A.4.3.4.; M.A.4.3.5.,ExtremeProblemsForRealFunctions; EquationSolvingWithRealAnalysis,Jauna rinda (2026): skolas standartkursa saturs.
1,7,5,0,0,UsingIntegrals,Integrāļa pielietojumi,Applications of the integral,"Nenoteiktā un noteiktā integrāļa izmantošana — primitīvās funkcijas, Ņūtona-Leibnica formula, laukumi zem grafikiem.","Using indefinite and definite integrals — antiderivatives, the Newton–Leibniz formula, areas under graphs.",M.A.4.3.6.; M.A.4.3.7.,,
1,7,6,0,0,ExtremeProblemsForRealFunctions,Ekstrēmu uzdevumi,Extremum problems,Reālu funkciju ekstrēmu atrašana ar analīzes metodēm.,Finding the extremes of real functions with analysis methods.,,,
1,7,7,0,0,NumberSets,Dažādas skaitļu kopas,Various number sets,"Naturāli, veseli, racionāli, reāli skaitļi; reālu skaitļu kopas pilnība","Natural, integer, rational, real numbers; completeness of the set of real numbers.",,,
1,7,7,1,0,RationalNumbers,Racionāli skaitļi un to īpašības,Rational numbers and their properties,"Racionālu skaitļu īpašības: pieraksts ar daļām, blīvums, slēgtība pret aritmētiskajām darbībām.","Properties of rational numbers: representations as fractions, density, closure under arithmetic operations.",,,
1,7,7,2,0,IrrationalNumbers,Iracionāli skaitļi,Irrational numbers,Rezultāti par skaitļu racionalitāti un iracionalitāti,Results on rationality and irrationality of numbers.,,,
1,7,7,3,0,QuadraticFields,Kvadrātiskie lauki,Quadratic fields,"Skaitļu lauki $\mathbb{Q}[\sqrt{d}]$, kas rodas pievienojot racionāliem skaitļiem $\sqrt{d}$",The number fields $\mathbb{Q}[\sqrt{d}]$ obtained by adjoining $\sqrt{d}$ to the rationals.,,ConjugateNumbers,
1,7,8,0,0,AnalysisMethods,Matemātiskās analīzes metodes,Methods of mathematical analysis,Analītisku metožu lietošana citu veidu uzdevumos,Applying analytic methods in problems of other types.,,,https://problems.ru/view_by_subject_new.php?parent=675
1,7,8,1,0,UsingContinuity,Nepārtrauktības izmantošana,Using continuity,"Funkciju nepārtrauktibas īpašību izmantošana, tsk. teorēma par starpvērtību.","Using continuity properties of functions, incl. the intermediate value theorem.",,,https://problems.ru/view_by_subject_new.php?parent=688
1,7,8,2,0,UsingCommensurability,Samērojamības izmantošana,Using commensurability,"Uzdevumi par skaitļu racionālām un iracionālām attiecībām, iespēju izteikt vienus skaitļus kā citu skaitļu lineāru kombināciju.","Problems about rational and irrational ratios of numbers, and the possibility of expressing some numbers as linear combinations of others.",,,https://problems.ru/view_by_subject_new.php?parent=689
1,7,8,3,0,UsingMonotonicityAndBoundedness,Monotonitātes un ierobežotības izmantošana,Using monotonicity and boundedness,Funkciju monotonitātes un ierobežotības izmantošana. Teorēma par monotonas un ierobežotas funkcijas robežu.,Using monotonicity and boundedness of functions. The theorem on the limit of a monotone bounded function.,,,https://problems.ru/view_by_subject_new.php?parent=690
1,7,8,4,0,UsingSmallPerturbations,Mazo izmaiņu metode,Method of small perturbations,Konfigurācijas vai vērtības izmaiņu pētīšana pie ļoti mazām izmaiņām.,Studying how a configuration or value changes under very small perturbations.,,,https://problems.ru/view_by_subject_new.php?parent=691
1,7,8,5,0,OtherAnalysisMethods,Citas analīzes metodes,Other analysis methods,Citas matemātiskās analīzes metodes.,Other methods of mathematical analysis.,,,https://problems.ru/view_by_subject_new.php?parent=857
1,8,0,0,0,FunctionalEquations,Funkcionālvienādojumi,Functional equations,"Funkcionālvienādojumi, viena argumenta funkciju un vairākvietīgu operāciju aksiomas un interpretācijas",Functional equations; axioms and interpretations of one-argument functions and multi-argument operations.,,,
1,8,1,0,0,FunctionalEquationsInDiscreteSets,Funkcionālvienādojumi veseliem un racionāliem skaitļiem,Functional equations over integers and rationals,"Funkcionālvienādojumi funkcijām, kas definētas veselo vai racionālo skaitļu kopā.",Functional equations for functions defined on the integers or the rationals.,,,
1,8,1,1,0,CreatingEquationSystems,Vienādojumu sistēmu veidošanas metode,Method of building systems of equations,"Vairāku argumentu vērtību ievietošana, lai iegūtu vienādojumu sistēmu nezināmās funkcijas vērtībām.",Substituting several argument values to obtain a system of equations for the unknown function values.,,,
1,8,1,2,0,InequalitiesForFunctionalEquations,Nevienādību lietošana,Using inequalities,"Nevienādību un novērtējumu izmantošana, lai noteiktu nezināmās funkcijas vērtības.",Using inequalities and estimates to pin down the values of the unknown function.,,,
1,8,1,3,0,FunctionalEquationsReduction,Reducēšanas metode,Reduction method,"Funkcionālvienādojuma reducēšana uz vienkāršāku, jau atrisinātu vienādojumu.","Reducing a functional equation to a simpler, already solved one.",,,
1,8,1,4,0,ModelsForDiscreteFunctionalEquations,Modeļu veidošana,Building models,"Piemēru funkciju (modeļu) konstruēšana, kas apmierina vai neapmierina doto diskrēto funkcionālvienādojumu.",Constructing example functions (models) that satisfy or violate the given discrete functional equation.,,,
1,8,1,5,0,LinearRecurrences,Lineāru rekurenču atrisināšana,Solving linear recurrences,Rekurentās sakarības ar konstantiem koeficientiem un to atrisināšana,Recurrence relations with constant coefficients and how to solve them.,,MethodOfRecurrentRelations; RecurrentSequences,
1,8,2,0,0,FunctionalEquationsForRealFunctions,Reālu funkciju funkcionālvienādojumi,Functional equations for real functions,Funkcionālvienādojumi reālo skaitļu kopā,Functional equations over the set of real numbers.,,,
1,8,2,1,0,CauchyEquationsAndRelated,"Košī vienādojumi un vienādojumi, kas uz tiem reducējas",Cauchy equations and equations reducible to them,"Košī funkcionālvienādojumi ($f(x+y)=f(x)+f(y)$ u.c.) un vienādojumi, kas uz tiem reducējas.",The Cauchy functional equations ($f(x+y)=f(x)+f(y)$ etc.) and equations that reduce to them.,,,
1,8,2,2,0,EquationsDescribingElementaryFunctions,Elementāro funkciju funkcionālvienādojumi,Functional equations of elementary functions,Klasisko elementāro funkciju raksturīgākie funkcionālvienādojumi un to pielietojumi,The characteristic functional equations of the classical elementary functions and their applications.,,,
1,8,2,3,0,AuxiliaryFunctionMethod,Palīgfunkcijas metode,Auxiliary function method,"Palīgfunkcijas ieviešana (piemēram, $g(x)=f(x)-x$), lai vienkāršotu funkcionālvienādojumu.",Introducing an auxiliary function (e.g. $g(x)=f(x)-x$) to simplify a functional equation.,,,
1,8,2,4,0,InequalitiesForRealFunctionalEquations,Nevienādību lietošana,Using inequalities,Nevienādību un novērtējumu izmantošana reālu funkciju funkcionālvienādojumu risināšanā.,Using inequalities and estimates in solving functional equations for real functions.,,,
1,8,2,5,0,ContinuityForFunctionalEquations,Nepārtrauktības īpašības izmantošana,Using continuity,Nezināmās funkcijas dotās nepārtrauktības (vai monotonitātes) izmantošana tās noteikšanai.,Using an assumed continuity (or monotonicity) of the unknown function to determine it.,,,
1,8,2,6,0,AdditiveFunctions,Aditīvas funkcijas,Additive functions,"Funkcijas, kas apmierina $f(x+y)=f(x)+f(y)$, un to īpašības.",Functions satisfying $f(x+y)=f(x)+f(y)$ and their properties.,,,
1,8,2,7,0,ModelsForRealFunctionalEquations,Modeļu veidošana,Building models,"Piemēru funkciju (modeļu) konstruēšana, kas apmierina doto reālo funkcionālvienādojumu.",Constructing example functions (models) satisfying the given real functional equation.,,,
1,8,3,0,0,MultiargumentOperationsAsAxioms,Vairākvietīgo operāciju aksiomātiskie apraksti,Axiomatic descriptions of multi-argument operations,Ar aksiomām (īpašību sarakstiem) uzdotas vairākvietīgas operācijas un spriešana par tām.,Multi-argument operations given by axioms (lists of properties) and reasoning about them.,,,
1,8,3,1,0,DerivingNewPropertiesFromOthers,Vienu īpašību secināšana no citām,Deriving some properties from others,Jaunu operācijas īpašību atvasināšana no dotajām aksiomām.,Deriving new properties of an operation from the given axioms.,,,
1,8,3,2,0,UniquelyDeterminedOperations,Operāciju viennozīmīga noteikšana,Uniquely determined operations,"Parādīšana, ka aksiomas viennozīmīgi nosaka operāciju.",Showing that the axioms determine the operation uniquely.,,,
1,8,3,3,0,ModelsForMultiargumentOperations,Modeļu veidošana,Building models and interpretations,"Operāciju aksiomu sistēmu modeļu (interpretāciju) konstruēšana — piemēri, kas parāda aksiomu saderību vai neatkarību.",Constructing models (interpretations) of axiom systems for operations — examples showing consistency or independence of axioms.,,,Apvienots ar bijušo InterpretingAxiomSystems (1.8.4).
1,9,0,0,0,Trigonometry,Trigonometrija,Trigonometry,"Trigonometriskas izteiksmes, identitātes, vienādojumi un funkcijas kā algebriski objekti (atšķirībā no metriskām sakarībām ģeometriskās figūrās).","Trigonometric expressions, identities, equations and functions as algebraic objects (as opposed to metric relations in geometric figures).",M.O.4.4.6.,MetricComputations; TrigonometricInterpretations,Jauna rinda (2026): skolas standartkursa saturs.
1,9,1,0,0,TrigonometricIdentities,Trigonometriskās identitātes,Trigonometric identities,"Identitāte $\sin^2 x+\cos^2 x=1$, argumentu summas un divkāršā argumenta formulas un citi trigonometrisku izteiksmju pārveidojumi.","The identity $\sin^2 x+\cos^2 x=1$, addition and double-angle formulas, and other transformations of trigonometric expressions.",M.O.3.2.2.; M.O.4.4.7.; M.O.4.4.8.,,Jauna rinda (2026): skolas standartkursa saturs.
1,9,2,0,0,TrigonometricEquationsInequalities,Trigonometriskie vienādojumi un nevienādības,Trigonometric equations and inequalities,"Trigonometrisku vienādojumu un nevienādību risināšana, izmantojot vienības riņķi un trigonometrisko funkciju īpašības.","Solving trigonometric equations and inequalities, using the unit circle and the properties of trigonometric functions.",M.O.4.5.4.,,Jauna rinda (2026): skolas standartkursa saturs.
1,9,3,0,0,TrigonometricFunctions,Trigonometriskās funkcijas,Trigonometric functions,"Funkciju $\sin$, $\cos$, $\tan$ īpašības un grafiki: periodiskums, ierobežotība, monotonitātes intervāli.","Properties and graphs of $\sin$, $\cos$, $\tan$: periodicity, boundedness, monotonicity intervals.",M.O.4.2.5.; M.O.4.2.6.,StudyingContinuousFunctions,Jauna rinda (2026): skolas standartkursa saturs.
2,0,0,0,0,Combinatorics,Kombinatorika,Combinatorics,Visi uzdevumi par kombinatoriku,All problems in combinatorics.,,,
2,1,0,0,0,CountingObjects,Objektu skaitīšana,Counting objects,"Noskaidrot, cik veidos var izvēlēties pārstāvjus, cik veidos var izdarīt kādas specifiskas darbības. Noteikt, cik veidos var sakārtot kādas kopas vai apakškopas elementus.",Determining in how many ways representatives can be chosen or specific actions can be performed. Determining in how many ways the elements of a set or its subsets can be arranged.,,,
2,1,1,0,0,CountingSetSizes,Kopu elementu skaitīšana ar vienkāršu aritmētiku,Counting set sizes with simple arithmetic,"Reizināšanas, saskaitīšanas, atņemšanas un dalīšanas likumi.","The multiplication, addition, subtraction and division rules of counting.",,,
2,1,1,1,0,RuleOfProduct,Reizināšanas likums kombinatorikā,Rule of product,"Ja pirmajā solī ir $a$ izvēles, bet otrajā solī (neatkarīgi no pirmā soļa) ir $b$ izvēles, tad pavisam var veikt $a \cdot b$ izvēles. (Kopu valodā - ja kopā $A$ ir $a$ elementi, bet kopā $B$ ir $b$ elementi, tad to Dekarta reizinājums $A \times B$ satur visus pārīšus un šīs kopas elementu skaits ir $a \cdot b$.)","If the first step offers $a$ choices and the second step (independently of the first) offers $b$ choices, then altogether there are $a \cdot b$ choices. (In set language: if $|A|=a$ and $|B|=b$, the Cartesian product $A \times B$ contains all pairs and has $a \cdot b$ elements.)",,,
2,1,1,2,0,RuleOfSum,Saskaitīšanas likums kombinatorikā,Rule of sum,"Ja var izdarīt vai nu kādu no $a$ dažādām izvēlēm vai kādu no $b$ dažādām izvēlēm (bet nevar tās kombinēt), tad pavisam ir $a+b$ izvēles. (Kopu valodā - ja $A$ un $B$ ir kopas bez kopīgiem elementiem, tad to apvienojumā $A \cup B$ ir $a+b$ elementi.)","If one can make either one of $a$ different choices or one of $b$ different choices (but cannot combine them), there are $a+b$ choices altogether. (In set language: if $A$ and $B$ are disjoint, $|A \cup B| = a+b$.)",,,
2,1,1,3,0,RuleOfDivision,Dalīšanas likums kombinatorikā.,Rule of division,"Reizināšanas likuma variants, ja to pašu elementu ieskaita atkārtoti. Šajā gadījumā reizināšanas likuma rezultātu dala ar to skaitu, cik reizes katrs elements ieskaitīts. (Piemēram, aprēķinot permutācijas ar atkārtojumiem, rezultātu dala ar atkārtojamo elementu faktoriāliem.)",A variant of the product rule for the case when each object is counted repeatedly: the result of the product rule is divided by the number of times each object was counted (e.g. permutations with repetition are counted by dividing by factorials of the repeated elements).,,,
2,1,1,4,0,SubtractionRule,Atņemšanas likums kombinatorikā.,Rule of subtraction,"Kopu $A$ un $B$ starpībā $A-B$ elementu skaits ir $|A| - |A \cap B|$, t.i. tas samazinās par $|A \cap B|$ jeb abu kopu šķēlumu.","The set difference $A-B$ has $|A| - |A \cap B|$ elements, i.e. the count decreases by the intersection $|A \cap B|$.",,,
2,1,2,0,0,MethodOfRecurrentRelations,Rekurento sakarību metode kombinatorikā,Method of recurrence relations in combinatorics,"Variantu skaitīšana, izmantojot rekurentas sakarības.",Counting configurations by means of recurrence relations.,,,
2,1,2,1,0,LinearRecurrencesConstant,Lineārās rekurentās sakarības ar konstantiem koeficientiem,Linear recurrences with constant coefficients,"Variantu skaitīšana, izmantojot homogēnas lineāras rekurences.",Counting configurations with homogeneous linear recurrences.,,LinearRecurrences,
2,1,2,2,0,LinearRecurrencesVariable,Lineārās rekurentās sakarības ar mainīgiem koeficientiem,Linear recurrences with variable coefficients,"Variantu skaitīšana, izmantojot rekurences ar homogēno un nehomogēno daļu.",Counting configurations with recurrences that have a homogeneous and a non-homogeneous part.,,,
2,1,2,3,0,NonlinearRecurrences,Nelineāras rekurentas sakarības,Nonlinear recurrences,"Variantu skaitīšana, izmantojot nelineāras rekurences.",Counting configurations with nonlinear recurrences.,,,
2,1,3,0,0,SetTraversalOrganization,Pārlases organizācija,Organising exhaustive enumeration,Kopas elementu pārlasīšana sistemātiskā veidā.,Enumerating the elements of a set in a systematic way.,M.O.5.1.4.,,
2,1,4,0,0,CountingSetOperations,Elementu skaitīšana kopu operācijās,Counting elements under set operations,"Elementu saskaitīšana kopu šķēlumos, apvienojumos, starpībās.","Counting elements in intersections, unions and differences of sets.",,,
2,1,4,1,0,EulerVennDiagrams,Eilera un Venna diagrammu izmantošana kopas aprakstam,Using Euler–Venn diagrams,"Eilera-Venna diagrammas, attēlojot dažādas kopu piederības kombinācijas.",Euler–Venn diagrams depicting the various membership combinations of sets.,M.O.5.1.3.,,
2,1,4,2,0,InclusionExclusionPrinciple,Ieslēgšanas – izslēgšanas formula,Inclusion–exclusion formula,"Ieslēgšanas izslēgšanas princips. Piemēram, divu kopu gadījumā $|A \cup B| = |A| + |B| - |A \cap B|$ un līdzīga kopu apvienojuma izteikšana ar dažādiem kopu šķēlumiem.","The inclusion–exclusion principle. For two sets, $|A \cup B| = |A| + |B| - |A \cap B|$, and analogous expressions of a union of sets through their intersections.",,,
2,1,4,3,0,OtherCountingSetOperations,Cita kopu operāciju saskaitīšana,Other counting with set operations,"Dažādu kopu operāciju aprēķināšana, pieskaitot un atņemot to šķēlumus vai apvienojumus.",Computing sizes under other set operations by adding and subtracting intersections or unions.,,,
2,1,5,0,0,InterpretationMethodInCounting,Interpretāciju metode skaitīšanā,Method of interpretations in counting,"Objektu saskaitīšana, izmantojot interpretāciju metodi - iekodējot elementus noteiktā veidā.",Counting objects by the interpretation method — encoding the objects in a specific way.,,,
2,1,6,0,0,RemaindersInCombinatorics,Paritāte un citi atlikumi interpretācijās ar skaitīšanu,Parity and other remainders in counting interpretations,Atlikumu izmantošana kombinatoriskos interpretāciju uzdevumos.,Using remainders (incl. parity) in combinatorial interpretation problems.,,,
2,1,7,0,0,StandardCombinatorialNumbers,Kombinatoriskie skaitļi un to īpašības,Combinatorial numbers and their properties,"Permutācijas, kombinācijas, variācijas ar un bez atkārtojumiem","Permutations, combinations and variations, with and without repetition.",M.O.5.1.5.; M.O.5.1.6.,,
2,1,8,1,0,CombinatorialNumbersApplications,Interpretācijas kombinatoriskajiem skaitļiem,Interpretations of combinatorial numbers,"Teksta uzdevumi, kas noved pie kombināciju (permutāciju, variāciju) skaitīšanas","Word problems that lead to counting combinations (permutations, variations).",,,
2,1,8,2,0,CombinationsWithRepetition,Kombinācijas ar atkārtojumiem,Combinations with repetition,"Formula, kas izsaka, cik izlases ar $k$ elementiem var izvēlēties no $n$ elementiem, ja elementi izlasē drīkst atkārtoties, bet elementu secība izlasē nav svarīga.",The formula for the number of $k$-element selections from $n$ elements when elements may repeat and order does not matter.,,,
2,1,8,3,0,BinomialPolynomialCoefficients,Binomiālie un polinomiālie koeficienti,Binomial and multinomial coefficients,"Formulas, lai saskaitītu parastas kombinācijas $C^k_n$ un arī kombinācijas ar atkārtojumiem. Lietojumi Ņūtona formulā $(a+b)^n$ un arī polinomiālajā formulā, atverot iekavas garāku izteiksmju pakāpēm.",Formulas for counting ordinary combinations $C^k_n$ and combinations with repetition. Applications in Newton's binomial formula for $(a+b)^n$ and the multinomial formula for expanding powers of longer expressions.,,,
2,1,8,0,0,CountingFromEncoding,Iekodētu virknīšu saskaitīšana,Counting encoded strings,"Saskaitīt vai konstruēt kaut ko, aizpildot alfabētiskā secībā",Counting or constructing objects by listing their encodings in alphabetical order.,,,
2,1,9,0,0,CountingUsingSymmetry,"Variantu saskaitīšana, izmantojot simetriju",Counting using symmetry,"Variantu saskaitīšana izmantojot simetriju kopā ar dalīšanas likumu simetrijas dēļ atmetot daļu variantu. To var izmantot arī interpretācijās. Piemēram, lai pamatotu Mazo Fermā teorēmu ($a^p - a$ dalās ar $p$), iztēlojamies $a^p$ kā dažāda veida kreļļu krāsojumu saskaitīšanu, kur $a$ ir pērlīšu krāsu skaits, bet $p$ ir pērlīšu skaits cikliskā krellē. Tad ir tieši $a$ vienkrāsainās krelles, bet pārējām ir jādalās ar $p$, jo tās veido simetriskas apakškopas ar izmēru $p$.","Counting configurations using symmetry together with the division rule, discarding part of the configurations because of symmetry. Also usable in interpretations; e.g. Fermat's little theorem ($a^p - a$ divisible by $p$) can be proved by counting colourings of a cyclic necklace with $p$ beads in $a$ colours: exactly $a$ necklaces are monochromatic and the rest split into symmetric classes of size $p$.",,,
2,2,0,0,0,GraphProblems,Grafu uzdevumi,Graph problems,"Uzdevumi, kuros ir dots skaits objektu, starp katriem diviem no tiem var būt vai nebūt attiecība. Uzdevumi par draudzībām, pazīšanos, ceļiem starp pilsētām, saziņu ar vēstulēm vai pa telefonu.","Problems with a number of objects such that between any two of them a relation may or may not hold. Problems about friendships, acquaintances, roads between towns, communication by letters or telephone.",,,
2,2,1,0,0,MathObjectsAsGraphs,Matemātisku objektu interpretācijas ar grafiem,Interpreting mathematical objects as graphs,"Bināru attiecību, svēršanas uzdevumu vai turnīru attēlošana ar grafiem.","Representing binary relations, weighing problems or tournaments by graphs.",,,
2,2,2,0,0,GraphVertexDegree,Uzdevumi par virsotnes pakāpi jeb kārtu.,Problems about vertex degrees,Apgalvojums: Katrā grafā ir divas virsotnes ar vienādu kārtu.,"Statements about vertex degrees, e.g.: every graph has two vertices of equal degree.",,,
2,2,2,1,0,GraphVertexMaxDegree,Virsotne ar maksimālo kārtu,The vertex of maximum degree,"Apgalvojumi, kuros izvēlas virsotni ar lielāko kārtu, lai iegūtu novērtējumus.",Arguments that pick a vertex of maximum degree to obtain estimates.,,,
2,2,2,2,0,HandshakingLemma,Rokasspiedienu lemma,Handshaking lemma,"Visu grafa virsotņu kārtu summa ir $2|E|$, kur $E$ apzīmē visu šķautņu kopu.","The sum of all vertex degrees of a graph equals $2|E|$, where $E$ is the edge set.",,,
2,2,2,3,0,DegreesInSubgraphs,"Teorēma par to, ka eksistē apakšgrafs ar noteiktu minimālo virsotnes kārtu",Subgraphs with a guaranteed minimum degree,"Katrs grafs $G$, kurā vidējā virsotnes kārta ir vismaz $d$, satur apakšgrafu, kurā minimālā virsotnes kārta ir vismaz $\lfloor d/2 \rfloor$.",Every graph $G$ with average degree at least $d$ contains a subgraph with minimum degree at least $\lfloor d/2 \rfloor$.,,,
2,2,3,0,0,DirectedGraphs,Orientēti grafi,Directed graphs,"Orientēti grafi (grafa šķautnēm ir noteikts virziens, ko apzīmē, piemēram, ar bultiņu).","Directed graphs (each edge has a direction, marked e.g. by an arrow).",,,
2,2,3,1,0,BinaryRelations,Binārās attiecības,Binary relations,Starp vienas kopas elementu pāriem definētās attiecības,Relations defined on pairs of elements of one set.,,,
2,2,3,1,1,BinaryRelationsReflexivity,Bināro attiecību refleksivitāte,Reflexivity of binary relations,"Binārā attiecība $R$ ir refleksīva, ja katram $a \in X$ izpildās $aRa$: katrs elements ir šajā attiecībā pats ar sevi. Piemēram, katrs skaitlis $a$ izpilda $a \leq a$ (skaitlis ir mazāks vai vienāds pats ar sevi).",A binary relation $R$ is reflexive if $aRa$ holds for every $a \in X$: each element is in the relation with itself. E.g. every number $a$ satisfies $a \leq a$.,,,
2,2,3,1,2,BinaryRelationsSymmetry,Bināro attiecību simetrija,Symmetry of binary relations,"Binārā attiecība $R$ ir simetriska, ja katriem $a,b \in X$ ir spēkā attiecība $aRb$ tad un tikai tad, ja $bRa$. (Piemēram, ja pirmais paspieda roku otrajam, tad arī otrais paspieda roku pirmajam.)","A binary relation $R$ is symmetric if for all $a,b \in X$, $aRb$ holds iff $bRa$ holds. (E.g. if the first person shook hands with the second, the second also shook hands with the first.)",,,
2,2,3,1,3,BinaryRelationsTransitivity,Bināro attiecību transitivitāte,Transitivity of binary relations,"Binārā attiecība $R$ ir transitīva, ja katriem $a,b,c \in X$, no $aRb$ un $bRc$ vienmēr seko arī $aRc$. Piemēram, ja cilvēks $a$ ir sencis cilvēkam $b$, bet $b$ ir sencis priekš $c$, tad $a$ ir sencis arī priekš $c$.","A binary relation $R$ is transitive if for all $a,b,c \in X$, $aRb$ and $bRc$ always imply $aRc$. E.g. if person $a$ is an ancestor of $b$ and $b$ is an ancestor of $c$, then $a$ is an ancestor of $c$.",,,
2,2,3,1,4,TotalOrderRelations,Pilna sakārtojuma attiecības,Total order relations,"Binārā attiecība $R$ ir pilna sakārtojuma attiecība, ja tā ir refleksīva, pilna (ir spēkā vai nu $aRb$ vai $b$), antisimetriska (no $aRb$ un $bRa$ loģiski seko $a=b$) un transitīva. Pilna sakārtojuma attiecība skaitļu kopā ir, piemēram, $\leq$ (""mazāks vai vienāds"" jeb ""nepārsniedz"").","A binary relation $R$ is a total order if it is reflexive, total (either $aRb$ or $bRa$ holds), antisymmetric ($aRb$ and $bRa$ imply $a=b$) and transitive. A total order on numbers is e.g. $\leq$.",,,
2,2,4,0,0,PathsAndCyclesInGraphs,Ceļi un cikli grafos,Paths and cycles in graphs,"Ceļš kā savstarpēji savienojamu šķautņu virkne. Vienkāršs ceļš - tāds, kurā nekādām divām šķautnēm nav kopīgu virsotņu (izņemot tās virsotnes, kur viena šķautne virknē savienota ar nākamo šķautni).",A path as a sequence of consecutively joined edges. A simple path — one in which no two edges share vertices (except where one edge of the sequence is joined to the next).,,,
2,2,4,1,0,EulerCircuits,Eilera cikla eksistence,Existence of an Euler circuit,"Eilera cikls grafā iespējams tad un tikai tad, ja grafs ir sakarīgs un tajā katras virsotnes kārta ir pāra skaitlis. (Eilera ceļš, kuram nav jābeidzas tajā pašā punktā, kur tas sācies, pietiek, lai visu, izņemot divu virsotņu kārtas ir pāra skaitļi.)",An Euler circuit exists iff the graph is connected and every vertex degree is even. (For an Euler trail that need not end where it started it suffices that all but two vertex degrees are even.),,,
2,2,4,2,0,HamiltonCircuits,Hamiltona cikla eksistence,Existence of a Hamiltonian cycle,Hamiltona cikla nepieciešamie nosacījumi.,Necessary and sufficient conditions for Hamiltonian cycles.,,,
2,2,4,3,0,GraphDecompositionInCircuits,Grafa šķautņu sadalīšana ciklos,Decomposing the edges of a graph into cycles,"Grafa šķautņu nokrāsošana vairākās krāsās tā, lai katra krāsa veidotu ciklu.",Colouring the edges of a graph in several colours so that each colour class forms a cycle.,,,
2,2,4,4,0,BipartiteGraphsCycles,Divdaļīgi (bipartite) grafi,Bipartite graphs,Divdaļīgo grafu nepieciešamais un pietiekamais nosacījums - grafā nav ciklu ar nepāra garumu.,The characterisation of bipartite graphs — a graph is bipartite iff it has no odd cycles.,,,
2,2,4,5,0,GraphAugmentationWithRestrictions,Uzdevumi par pieaudzēšanu ar ierobežojumiem,Augmentation problems with restrictions,"Kāds ir mazākais skaits šķautņu, kas jāpievieno grafam, lai tas kļūtu sakarīgs (vai k-connected - katras divas virsotnes savienotas ar k ceļiem bez kopīgām virsotnēm) vai tajā rastos Eilera cikls. Arī otrādi - kāds mazākais skaits šķautņu, kas jāpārgriež, lai grafā nebūtu nepāra ciklu, lai tas kļūtu divdaļīgs.","The minimum number of edges to add so that a graph becomes connected (or $k$-connected, or acquires an Euler circuit); also conversely — the minimum number of edges to cut so that the graph has no odd cycles / becomes bipartite.",,,
2,2,5,0,0,GraphConnectivity,Sakarīgi grafi un dalīšana sakarīgās komponentēs,Connected graphs and connected components,"Sakarīgs grafs (*connected graph*), kurā starp katrām divām virsotnēm ir ceļš.",Connected graphs (a path between every two vertices) and decomposition into connected components.,,,
2,2,6,0,0,Subgraphs,Apakšgrafi,Subgraphs,Virsotņu vai šķautņu izmešana no grafiem un grafu dalīšana gabalos,Removing vertices or edges from graphs and splitting graphs into parts.,,,
2,2,7,0,0,Trees,Koki,Trees,"Apgalvojumi par neorientētiem kokiem bez definētas saknes. Sakarīgs grafs bez cikliem satur tieši $m=n-1$ šķautnes (par vienu šķautni mazāk nekā virsotņu). Kokā pārgriežot jebkuru šķautni, rodas divi komponenti (kas arī ir koki, ja vientuļu virsotni arī uzskatām par ""koku"").","Statements about unrooted trees. A connected acyclic graph has exactly $m=n-1$ edges (one less than vertices). Cutting any edge of a tree yields two components (which are again trees, counting an isolated vertex as a tree).",,,
2,2,8,0,0,GraphTraversal,Grafu apstaigāšana,Graph traversal,"DFS (*Depth first search* jeb apstaigāšana dziļumā), BFS (*Breadth first search* jeb apstaigāšana platumā), koku un patvaļīgu grafu apstaigāšana.","DFS (depth-first search), BFS (breadth-first search), traversal of trees and arbitrary graphs.",,,
2,2,9,0,0,PlanarGraphs,Planārie grafi,Planar graphs,"Grafi, kurus var attēlot plaknē bez šķautņu krustošanās.",Graphs that can be drawn in the plane without edge crossings.,,,
2,2,9,1,0,GraphPlanarityConditions,Planaritātes nosacījumi,Planarity conditions,"Grafa planaritātes nosacījumi. Planārs grafs nesatur $K_5$ vai $K_{3,3}$ kā apakšgrafus.","Conditions for planarity of a graph. A planar graph contains no $K_5$ or $K_{3,3}$ subdivision.",,,
2,2,9,2,0,EulerFormulaPlanarGraphs,Eilera formula un tās secinājumi,Euler's formula and its consequences,Eilera formula planāriem grafiem: $E = V+F-2$ un tās sekas,"Euler's formula for planar graphs, $V-E+F=2$, and its consequences.",,,
2,2,10,0,0,GraphColoringAndLabeling,Grafa virsotņu vai šķautņu krāsošana vai apzīmēšana,Colouring or labelling the vertices or edges of a graph,Virsotņu vai šķautņu izkrāsošanas uzdevumi. Ramseja teorija. Simbolu virkņu vai svaru pierakstīšana grafa virsotnēm vai šķautnēm.,Problems on colouring vertices or edges. Ramsey theory. Assigning strings or weights to the vertices or edges of a graph.,,,
2,2,10,1,0,GraphsWithColoredEdges,Grafi ar krāsainām šķautnēm,Graphs with coloured edges,"Uzdevumi par pazīstamiem/nepazīstamiem cilvēkiem vai citām situācijām, kur pilna grafa šķautnes izkrāsotas vairākās krāsās. Ramseja teorēma. Ramseja skaitļi pilniem grafiem. Piesātināti grafi. Vispārināti Ramseja skaitļi. Ramseja uzdevumi nepilniem grafiem.",Problems about acquaintances/strangers and other situations where the edges of a complete graph are coloured in several colours. Ramsey's theorem. Ramsey numbers of complete graphs. Saturated graphs. Generalised Ramsey numbers. Ramsey problems for non-complete graphs.,,,
2,2,10,2,0,GraphColoredVertices,Grafi ar krāsainām virsotnēm,Graphs with coloured vertices,Grafu virsotņu krāsošana. Četru krāsu teorēmai līdzīgi rezultāti.,Vertex colourings of graphs. Results in the spirit of the four colour theorem.,,,
2,2,10,2,1,GraphIndependentSet,Neatkarīga virsotņu kopa grafā,Independent set of vertices,"Nosacījumi, pie kuriem var atrast grafa virsotņu kopu, kurā nekādas divas virsotnes nav savienotas.",Conditions under which a graph contains a set of vertices no two of which are adjacent.,,,
2,2,10,3,0,GraphEnumeration,Grafu numerācijas,Graph labelings,"Grafa virsotņu vai šķautņu numerēšana ar veseliem skaitļiem, ievērojot noteiktus ierobežojumus — tsk. graciozās numerācijas (virsotņu numuri $0..m$ ar visām dažādām šķautņu starpībām) un maģiskās numerācijas (vienādas šķautņu numuru summas ap katru virsotni).",Labelling the vertices or edges of a graph with integers subject to given restrictions — incl. graceful labelings (vertex labels $0..m$ with all edge differences distinct) and magic labelings (equal sums of edge labels around each vertex).,,,Apvienoti bijušie GracefulLabeling un MagicGraphs.
2,2,10,4,0,MinMaxTheorems,Minimaksa teorēmas,Minimax theorems,Vairākas teorēmas par optimālām konfigurācijām grafos.,Several theorems about optimal configurations in graphs and ordered sets.,,,
2,2,10,4,1,HallMarriageTheorem,Holla teorēma,Hall's theorem,"Holla teorēma par nepieciešamo un pietiekamo nosacījumu, lai divdaļīgā grafā eksistētu maksimālais sapārojums.",Hall's marriage theorem — the necessary and sufficient condition for a perfect matching in a bipartite graph.,,,
2,2,10,4,2,DilworthLemmaAndTheorem,Dilvorsa lemma un Dilvorsa teorēma,Dilworth's lemma and theorem,"Ja daļēji sakārtota kopa satur $m \cdot n + 1$ elementus, tad tajā var atrast vai nu ķēdi, kuras garums ir $m + 1$, vai antiķēdi, kuras garums ir kuras garums ir $n + 1$ (un citi radniecīgi rezultāti)","If a partially ordered set contains $m \cdot n + 1$ elements, it contains a chain of length $m+1$ or an antichain of length $n+1$ (and related results).",,,https://www.nms.lu.lv/fileadmin/user_upload/lu_portal/projekti/nms.lu.lv/Gramatas/Tematiskie/VidVeertMet_1996.pdf
2,2,10,4,3,KonigTheorem,Kēniga teorēma,Kőnig's theorem,Kőnig-a teorēma par grafu maksimāliem sapārojumiem: Katrā divdaļu grafā šķautņu skaits maksimālā sapārojumā ir vienāds ar virsotņu skaitu minimālajā virsotņu pārklājumā.,Kőnig's theorem on maximum matchings: in every bipartite graph the size of a maximum matching equals the size of a minimum vertex cover.,,,Atdalīta Kēniga un Erdeša-Sekereša teorēmas. Nevarēju atrast Kēniga-Rado teorēmu ar Google.
2,2,10,4,4,ErdosSzekeresTheorem,Erdeša-Šekereša teorēma,Erdős–Szekeres theorem,"Naturāliem skaitļiem $r$, $s$ un katrai virknei ar vismaz $(r − 1)(s − 1) + 1$ reāliem skaitļiem ir vai nu monotoni augoša apakšvirkne garumā $r$, vai arī monotoni dilstoša apakšvirkne garumā $s$.","For naturals $r$, $s$, every sequence of at least $(r-1)(s-1)+1$ reals contains a monotonically increasing subsequence of length $r$ or a monotonically decreasing subsequence of length $s$.",,SystemsOfSubsequences,
2,2,10,5,0,MeanValueInGraphAnalysis,Vidējā vērtība bezgalīgiem grafiem,Mean values for infinite graphs,"Vidējā vērtība un citu novērtējumu izmantošana, apskatot bezgalīgus grafus.",Using averaging and other estimates when studying infinite graphs.,,,https://www.nms.lu.lv/fileadmin/user_upload/lu_portal/projekti/nms.lu.lv/Gramatas/Tematiskie/VidVeertMet_1996.pdf
2,3,0,0,0,Games,Spēles,Games,"Dots, ka divi spēlētāji spēlē spēli, pārmaiņus izdarot. Jāizstrādā uzvarošā stratēģija kādam no spēlētājiem vai jānoskaidro, kurš no spēlētājiem uzvar, pareizi spēlējot. Šajā kategorijā neietilpst skaitļu teorijas spēles, kur gājieni ir veselu skaitļu vai to ciparu manipulācijas.","Two players play a game moving alternately. One must design a winning strategy for one of the players or determine who wins under correct play. Number-theory games, where the moves manipulate integers or their digits, do not belong here.",,,
2,3,1,0,0,GamesSymmetry,Spēles ar simetriju,Games with symmetry,Simetrijas izmantošana spēļu analīzē. Spēles ar tiešu simetriju. Spēles ar vispārinātu simetriju.,Using symmetry in game analysis. Games with direct symmetry; games with generalised symmetry.,,,
2,3,2,0,0,GameModelCreation,Spēles modeļa veidošana,Building a model of the game,"Spēles, kurās no apraksta jāizveido spēles modelis, kuru vieglāk analizēt nekā sākotnējo spēli.",Games where a model that is easier to analyse than the original game must be built from the description.,,,
2,3,2,1,0,GameModelAsGrid,Spēles modelis rūtiņu režģī,Modelling a game on a grid,Spēles ar skaitļu pāru pārveidošanu (NIM varianti ar divām kaudzītēm u.c.); to vizualizācija ar pārvietojumiem Dekarta plaknē.,Games transforming pairs of numbers (two-pile NIM variants etc.); their visualisation as movements in the Cartesian plane.,,,
2,3,2,2,0,GameModelAsGraph,Spēles modelis grafā,Modelling a game on a graph,"Spēles pozīciju attēlošana ar grafu, tsk. lēmumu pieņemšanas grafu (*decision graph*)","Representing game positions by a graph, incl. a decision graph.",,,
2,3,3,0,0,WinningStrategyCleanProofs,Tīrie uzvarošās stratēģijas eksistences pierādījumi,Pure existence proofs of a winning strategy,"Nosacījumi, pie kuriem kombinatoriskai spēlei eksistē uzvarošā stratēģija.",Conditions under which a combinatorial game has a winning strategy (strategy-stealing and other non-constructive arguments).,,,
2,3,4,0,0,GameInvariant,Spēles invariants,Game invariant,"Spēles, kurās uzvarošo stratēģiju var pamatot, izmantojot invariantu (kādu īpašību, kuru spēlētājs ar uzvarošo stratēģiju vienmēr var atjaunot).",Games where the winning strategy is justified by an invariant (a property the winning player can always restore).,,,
2,3,5,0,0,ProbabilisticGames,Varbūtiskās spēles,Probabilistic games,"Varbūtiskas spēles un spēles, kuru rezultātu noteiktai divu spēlētāju gājienu kombinācijai nosaka tabulveida matrica.",Probabilistic games and games whose outcome for a fixed pair of strategies is given by a payoff matrix.,,,
2,3,6,0,0,ContinuousGames,Nepārtrauktās spēles,Continuous games,"Spēles, kuru pozīcija nav viegli aprakstāma ar kombinatoriskām struktūrām.",Games whose positions are not easily described by combinatorial structures.,,,
2,3,6,1,0,FairDivisionGames,Taisnīgas dalīšanas spēles,Fair division games,"Kā ""taisnīgi"" sadalīt torti (vai laupījumu utml.), ja drīkst veikt noteikta veida dalīšanu - ar šķirošanu daļās, taisniem griezieniem utml.","How to divide a cake (or loot etc.) ""fairly"" when only certain kinds of divisions are allowed — sorting into parts, straight cuts, etc.",,,
2,3,6,2,0,ChasingGames,Ķeršanas spēles,Pursuit games,"Spēles, kur viens spēlētājs ķer otru, pārvietojoties ģeometriskā figūrā.","Games where one player chases another, moving inside a geometric figure.",,,
2,3,6,3,0,TopologicalGames,Topoloģiskas spēles,Topological games,"Spēles, kurās spēlētāji pēc kārtas izvēlas intervālus vai punktus, cenšoties konverģēt uz noteiktu robežu.","Games where the players alternately choose intervals or points, trying to converge to a specified limit.",,,
2,4,0,0,0,SystemsAndStructures,Kombinatoriskas struktūras,Combinatorial structures,Izvietojumi uz šaha galdiņa. Apakškopu sistēmas. Apakšvirkņu sistēmas. Paskāla trijstūris. Turnīri. Regulāri režģi. Latīņu kvadrāti,Arrangements on a chessboard. Systems of subsets. Systems of subsequences. Pascal's triangle. Tournaments. Regular lattices. Latin squares.,,,
2,4,1,0,0,ChessPositions,Izvietojumi uz šaha galdiņa,Arrangements on a chessboard,"Spēles pozīcijas šahā; torņu, laidņu, dāmu, zirdziņu utt. izvietojumi.","Chess positions; arrangements of rooks, bishops, queens, knights, etc.",,,
2,4,2,0,0,SystemsOfSubsets,Apakškopu sistēmas,Systems of subsets,Kā saskaitīt visas kādas kopas apakškopas ar noteiktām īpašībām.,Counting or studying all subsets of a set with given properties.,,,
2,4,3,0,0,SystemsOfSubsequences,Apakšvirkņu sistēmas,Systems of subsequences,"Virkņu apakšvirkņu ar noteiktām īpašībām skaitīšana vai pētīšana (monotonas apakšvirknes, aizliegti fragmenti, virkņu sistēmas u.c.).","Counting or studying subsequences of sequences with given properties (monotone subsequences, forbidden patterns, sequence fragments, etc.).",,NumericSequences; ErdosSzekeresTheorem,Apvienots ar bijušo SubsequenceSystems (1.6.5).
2,4,4,0,0,PascalTriangle,Paskāla trijstūris,Pascal's triangle,Paskāla trijstūra īpašības un to interpretācijas binomiālajiem koeficientiem $C_n^k$.,Properties of Pascal's triangle and their interpretations for binomial coefficients $C_n^k$.,,BinomialPolynomialCoefficients,
2,4,5,0,0,SpecialLattices,Īpaši režģi,Special lattices,"Hiperkubi un līdzīgas struktūras ar ""regulārām"" (globāli aprakstāmām) īpašībām un elementu savstarpējām sakarībām.","Hypercubes and similar structures with ""regular"" (globally describable) properties and inter-element relations.",,,
2,4,6,0,0,LatinSquares,Latīņu kvadrāti,Latin squares,"Kvadrāti $n \times n$, kas aizpildīti ar $n$ dažādu veidu simboliem tā, lai katrs simbols katrā rindiņā un katrā kolonnā parādītos tieši vienreiz.",Squares $n \times n$ filled with $n$ kinds of symbols so that every symbol appears exactly once in each row and each column.,,,
2,5,0,0,0,CombinatorialAlgorithms,Kombinatoriski algoritmi,Combinatorial algorithms,Kombinatoriski algoritmi un to lietojumi procedūru veidošanai kā arī kombinatoriskiem uzdevumiem vispār.,Combinatorial algorithms and their use for designing procedures and for combinatorial problems in general.,,,
2,5,1,0,0,RangingTournaments,Kārtošanas turnīri,Sorting tournaments,"Adaptīvi salīdzināšanas algoritmi, kuros nākamās salīdzināšanas izvēlas atkarībā no iepriekšējo salīdzināšanu rezultāta","Adaptive comparison algorithms, where the next comparisons are chosen depending on the outcomes of the previous ones.",,,
2,5,1,1,0,TournamentWithTopOne,Uzvarētāja noskaidrošana,Finding the winner,"$n-1$ salīdzināšanas, lai no $n$ elementiem atrastu lielāko",$n-1$ comparisons suffice (and are needed) to find the largest of $n$ elements.,,,
2,5,1,2,0,TournamentWithTopTwo,Čempiona un vicečempiona noskaidrošana,Finding the champion and the runner-up,"$n + \lceil \log_2(n) \rceil - 1$, lai no $n$ elementiem atrastu divus lielākos",$n + \lceil \log_2 n \rceil - 1$ comparisons to find the two largest of $n$ elements.,,,
2,5,1,3,0,TournamentWithTopThree,"Čempiona, vicečempiona un bronzas medaļas īpašnieka noskaidrošana",Finding the top three,Trīs lielāko elementu atrašana nesakārtotā masīvā,Finding the three largest elements of an unsorted array.,,,
2,5,1,4,0,TournamentFullOrdering,Monotonu turnīru pilnīga sakārtošana,Complete ordering of monotone tournaments,Vajadzīgas vismaz $\lceil \log_2(n!) \rceil$ salīdzināšanas jeb aptuveni $n \cdot \log_2 n$,"At least $\lceil \log_2(n!) \rceil$, i.e. roughly $n \log_2 n$, comparisons are needed to sort completely.",,,
2,5,2,0,0,InformationPropagation,Informācijas izplatīšanās uzdevumi,Information dissemination problems,Vienkārši paralēlie algoritmi un to sarežģītības apakšējie un augšējie novērtējumi,Simple parallel algorithms (gossip/broadcast) and lower and upper bounds on their complexity.,,,
2,5,3,0,0,InformationEncoding,Informācijas kodēšana,Information encoding,Kodēšana kā injektīva funkcija no objektiem uz burtu virknītēm,Encoding as an injective mapping from objects to strings of letters.,,,
2,5,4,0,0,SearchProblems,Dažādi meklēšanas uzdevumi,Search problems,Algoritmiski meklēšanas uzdevumi,"Algorithmic search problems (weighings, guessing with questions, finding a counterfeit coin, etc.).",,,
2,5,5,0,0,AlgorithmLooping,Ieciklošanās,Looping of algorithms,Spriedumi par algoritmu ieciklošanos,Arguments about algorithms or processes entering a cycle.,,,
2,6,0,0,0,LogicProblems,Loģikas uzdevumi,Logic problems,"Uzdevumi par patiesiem un aplamiem izteikumiem, patiesības teikšanu un melošanu. Uzdevumi ar apslēptu informāciju. Paradoksi.","Problems about true and false statements, truth-telling and lying. Problems with hidden information. Paradoxes.",,,
2,6,1,0,0,TrueAndFalseStatements,Uzdevumi par izteikumu patiesumu,Problems about the truth of statements,"Uzdevumi, kur izteikti vairāki apgalvojumi un jāanalizē, kuri (vai cik) no tiem var būt patiesi.",Problems where several statements are made and one must analyse which (or how many) of them can be true.,,,
2,6,2,0,0,ProblemsWithHiddenInformation,Uzdevumi ar apslēptu informāciju,Problems with hidden information,"Uzdevumi, kur jānoskaidro apslēptā informācija, uzdodot jautājumus noteiktā formā.",Problems where the hidden information must be discovered by asking questions of a prescribed form.,,,
2,6,3,0,0,Paradoxes,Paradoksi,Paradoxes,"Loģikas uzdevumi, kur jāpamato neparasti apgalvojumi vai jāatrod secinājumos kļūdas.",Logic problems where unusual statements must be justified or errors must be found in arguments.,,,
2,7,0,0,0,DiscreteProbability,Diskrētās varbūtības,Discrete probability,"Atrast varbūtības izmantojot klasisko varbūtības definīciju. Aprēķināt notikumu varbūtības, izmantojot reizināšanas likumu un citus kombinatorikas paņēmienus. Nosacītas varbūtības un spriedumi par operācijām ar diskrētiem gadījumlielumiem (kuri var pieņemt sanumurējami daudz vērtību).",Finding probabilities using the classical definition of probability. Computing probabilities of events using the multiplication rule and other combinatorial techniques. Conditional probabilities and reasoning about operations with discrete random variables (taking countably many values).,M.9.5.2.1.; M.O.5.2.1.; M.O.5.2.2.,StandardCombinatorialNumbers,
2,7,1,0,0,CombiningEvents,Notikumu un to kombināciju varbūtības,Probabilities of events and their combinations,Notikumu varbūtību noteikšana ar Laplasa varbūtības definīciju,Determining probabilities of events with the Laplace (classical) definition of probability.,M.O.5.2.4.,,
2,7,2,0,0,ConditionalProbability,Nosacītā varbūtība,Conditional probability,Nosacītā varbūtība un Beiesa formula,Conditional probability and Bayes' formula.,M.O.5.2.5.; M.O.5.2.6.,,
2,7,3,0,0,DiscreteRandomVariables,Diskrētie gadījumlielumi,Discrete random variables,"Gadījumlielumi, to sadalījuma un blīvuma funkcijas, darbības ar tiem","Random variables, their distribution and mass functions, operations on them.",,,
2,7,3,1,0,DiscreteRandomVariablesMoments,Gadījumlieluma vidējās vērtība un dispersija,Expected value and variance of a random variable,Gadījumlieluma aprakstīšana ar vidējo vērtību n,Describing a random variable by its expected value and variance.,,,
2,7,3,1,1,IndependentRandomVariables,Neatkarīgu gadījumlielumu īpašības,Properties of independent random variables,$E(X+Y)$ un $V(X+Y)$ formulas,The formulas for $E(X+Y)$ and $V(X+Y)$.,,,
2,7,3,1,2,RandomVariableInequalities,Markova un Čebiševa nevienādības,Markov's and Chebyshev's inequalities,Apgalvojumi par gadījumlieluma novirzi no savas vidējās vērtības,Statements about the deviation of a random variable from its expected value.,,,
2,7,3,2,0,KnownDistributions,Pazīstami varbūtiskie sadalījumi,Well-known probability distributions,"Bernulli, binomiālais, Puasona, logaritmiskais, ģeometriskais, hiperģeometriskais, Zipfa, Benforda sadalījumi","Bernoulli, binomial, Poisson, logarithmic, geometric, hypergeometric, Zipf, Benford distributions.",,,
3,0,0,0,0,Geometry,Ģeometrija,Geometry,"Ģeometrijas tēmas; Apgalvojumi un sakarības par vienkāršām figūrām, kas iegūstamas ar cirkuli un lineālu Eiklīda plaknē un to kongruences vai līdzības pārveidojumiem","Geometry topics; statements and relationships about simple figures constructible with compass and straightedge in the Euclidean plane, and their congruence or similarity transformations.",,,
3,1,0,0,0,AngleProperties,Leņķu īpašības,Angle properties,"Uzdevumi, kuros jāpierāda, ka kādas taisnes vai nogriežņi ir paralēli vai perpendikulāri. Uzdevumi, kuros dota vai jāpierāda nogriežņu garumu attiecība vai leņķu vienādība.",Problems where lines or segments must be proved parallel or perpendicular. Problems where a ratio of segment lengths or an equality of angles is given or must be proved.,,,
3,1,1,0,0,AnglesParallelLines,Leņķi pie paralēlām un krustiskām taisnēm,Angles at parallel and intersecting lines,"Leņķi, ko veido paralēlas vai krustiskas taisnes: blakusleņķi, krustleņķi, kāpšļu leņķi, iekšējie un ārējie šķērsleņķi, iekšējie un ārējie vienpusleņķi.","Angles formed by parallel or intersecting lines: linear pairs, vertical angles, corresponding angles, alternate interior and exterior angles, co-interior and co-exterior angles.",,,
3,1,1,1,0,ComplementaryLinearPairs,Blakusleņķi,Linear pairs of angles,"Leņķu summa ir $180^{\circ}$, ja tie kopā veido izstieptu leņķi.",The sum of two angles is $180^{\circ}$ when together they form a straight angle.,,,
3,1,1,2,0,VerticalAngles,Krustleņķi,Vertical angles,"Leņķu vienādība, ja tie atrodas pretējās pusēs divām krustiskām taisnēm.",The equality of angles lying on opposite sides of two intersecting lines.,,,
3,1,1,3,0,CorrespondingAngles,Kāpšļu leņķi,Corresponding angles,"Leņķu vienādības, ja tie vienādi novietoti pie divām paralēlām taisnēm, kuras krusto slīpā taisne",Equality of angles identically positioned at two parallel lines cut by a transversal.,,,
3,1,1,4,0,AlternateAngles,Iekšējie un ārējie šķērsleņķi,Alternate interior and exterior angles,"Leņķu vienādība, ja tie ir pretējās pusēs no slīpās taisnes, kas krusto divas paralēlas taisnes",Equality of angles on opposite sides of a transversal cutting two parallel lines.,,,
3,1,1,5,0,SameSideAngles,Iekšējie un ārējie vienpusleņķi,Co-interior and co-exterior angles,"Leņķu summa ir $180^{\circ}$, ja tie ir vienā pusē no slīpās taisnes, kas krusto divas paralēlas taisnes.",The sum of two angles is $180^{\circ}$ when they lie on the same side of a transversal cutting two parallel lines.,,,
3,1,2,0,0,AngleSums,Leņķu summas,Angle sums,"Sakarības ar leņķu summām — ap punktu, trijstūrī un pie taisnēm.","Relations involving sums of angles — around a point, in a triangle and along lines.",,,
3,1,2,1,0,AdjacentAngles,Leņķi ar kopīgu virsotni,Angles with a common vertex,Sakarības starp leņķiem ar kopīgu virsotni; leņķu summas ap punktu.,Relations between angles sharing a common vertex; sums of angles around a point.,,,
3,1,2,2,0,TriangleAngles,Trijstūra leņķu sakarības,Angle relations in a triangle,Izmantot trijstūra iekšējo un ārējo leņķu sakarības,Using the relations among interior and exterior angles of a triangle.,,,
3,1,2,2,1,TriangleInternalAngles,Trijstūra iekšējo leņķu summa,Sum of the interior angles of a triangle,Trijstūra iekšējo leņķu summa ir $180^{\circ}$.,The sum of the interior angles of a triangle is $180^{\circ}$.,,,
3,1,2,2,2,TriangleExternalAngles,Trijstūra ārējo leņķu sakarības,Exterior angle relations of a triangle,Trijstūra ārējais leņķis vienāds ar abu tam blakus neesošo iekšējo leņķu summu.,An exterior angle of a triangle equals the sum of the two non-adjacent interior angles.,,,
3,1,2,2,3,RightTriangleAngles,Leņķi taisnleņķa trijstūrī,Angles in a right triangle,Taisnleņķa trijstūra šauro leņķu summa ir $90^{\circ}$; saistīti leņķu aprēķini.,The acute angles of a right triangle sum to $90^{\circ}$; related angle computations.,,,
3,1,2,3,0,DirectedAngles,Orientēti leņķi starp stariem,Directed angles between rays,Orientēti leņķi starp stariem un aprēķini ar tiem.,Directed (oriented) angles between rays and computations with them.,,,
3,1,2,4,0,AnglesModulo180,Leņķi pēc 180 grādu moduļa $[0; 180)$,Angles modulo 180 degrees,"Darbs ar leņķiem pēc $180^{\circ}$ moduļa, t.i. intervālā $[0; 180)$, piemēram, leņķiem starp taisnēm.","Working with angles modulo $180^{\circ}$, i.e. in $[0; 180)$, e.g. for angles between lines.",,,
3,2,0,0,0,Circle,Riņķa līnijas,Circles,"Uzdevumi par riņķa līnijām un to hordām, pieskarēm, ievilktiem leņķiem.Punkti uz riņķa līnijas. Riņķa līnijā ievilkts trijstūris, četrstūris, daudzstūris. Leņķis riņķa līnijā. Ievilkta riņķa līnija. Apvilkta riņķa līnija.","Problems about circles and their chords, tangents, inscribed angles. Points on a circle. A triangle, quadrilateral or polygon inscribed in a circle. Angles in a circle. Incircles and circumcircles.",,,
3,2,1,0,0,CircleMetric,Metriskas sakarības riņķī,Metric relations in a circle,"Metriskas sakarības, kas saista riņķa rādiusus, hordas, lokus, pieskares un leņķus.","Metric relations connecting radii, chords, arcs, tangents and angles of a circle.",,,
3,2,1,1,0,CirclePerimeter,Riņķa līnijas garums,Circumference of a circle,Riņķa līnijas garums $C = 2\pi R$ un loku garumi.,"The circumference of a circle, $C = 2\pi R$, and arc lengths.",,,
3,2,1,2,0,CircleArea,Riņķa laukums,Area of a disc,"Riņķa laukums $S=\pi R^2$, sektoru un segmentu laukumi.","The area of a disc, $S=\pi R^2$, and areas of sectors and segments.",,,
3,2,1,3,0,CircleAnglesTangents,Riņķa līniju pieskares,Tangents to a circle,Riņķa līnijas pieskares: perpendikularitāte rādiusam un saistītās īpašības.,Tangent lines to a circle: perpendicularity to the radius and related properties.,,,
3,2,1,4,0,IntersectingChordsTheorem,Hordu garumu reizinājums.,Products of chord segments,Hordu garumu reizinājumu teorēma un punkta pakāpe: hordu un sekanšu nogriežņu reizinājumi.,The intersecting chords theorem and the power of a point: products of the segments of chords and secants.,,,
3,2,1,5,0,CircleInscribedAngles,"Leņķi, kas balstās uz vienādiem lokiem",Angles subtending equal arcs,Izmantot riņķī ievilkta leņķa īpašības,"Using the properties of an inscribed angle: inscribed angles subtending the same or equal arcs are equal, and equal half the central angle.",,,
3,2,1,6,0,AngleBetweenChords,Leņķis starp divām hordām,Angle between two chords,Leņķis starp divām hordām vienāds ar aptverto loku summas pusi.,The angle between two chords equals half the sum of the intercepted arcs.,,,
3,2,1,7,0,AngleBetweenTangentChord,Leņķis starp pieskari un hordu,Angle between a tangent and a chord,Leņķis starp pieskari un hordu vienāds ar aptvertā loka pusi (hordas-pieskares leņķis).,The angle between a tangent and a chord equals half the intercepted arc (the tangent–chord angle).,,,
3,2,2,0,0,ExpressingArcChordByAngle,Loka un hordas izteikšana ar leņķi,Expressing arcs and chords through angles,"Attiecības starp leņķa lielumu un loka un hordas garumiem, kas saistīti ar leņķi",Relations between the size of an angle and the lengths of the arc and chord associated with it.,,,
3,2,3,0,0,FourPointsOnCircle,Četri punkti uz vienas riņķa līnijas,Four points on one circle,"Kritēriji, lai četri punkti atrastos uz vienas riņķa līnijas, un to lietošana.",Criteria for four points to be concyclic and their use.,,,
3,2,4,0,0,InscribedAngleAndSimilarTriangles,Ievilkts leņķis un līdzīgi trijstūri,Inscribed angles and similar triangles,"Ievilktā leņķa teorēmas apvienošana ar līdzīgiem trijstūriem (piemēram, hordu krustpunktu konfigurācijās).",Combining the inscribed angle theorem with similar triangles (e.g. in chord intersection configurations).,,,
3,2,5,0,0,BisectorDividingArcInTwo,Bisektrise sadala loku uz pusēm,The bisector bisects the arc,Ievilkta trijstūra virsotnes bisektrise iet caur pretējā loka viduspunktu.,The angle bisector from a vertex of an inscribed triangle passes through the midpoint of the opposite arc.,,,
3,2,6,0,0,CyclicQuadrilateralDiagonalAngle90,Ievilkts četrstūris ar perpendikulārām diagonālēm,Cyclic quadrilateral with perpendicular diagonals,Ievilktu četrstūru ar perpendikulārām diagonālēm īpašības.,Properties of cyclic quadrilaterals whose diagonals are perpendicular.,,,
3,2,7,0,0,TwoTangentsFromSinglePoint,"Divas pieskares, kas novilktas no viena punkta",Two tangents from one point,No ārēja punkta riņķa līnijai novilktie divi pieskaru nogriežņi ir vienādi.,The two tangent segments drawn to a circle from an external point are equal.,,,
3,2,8,0,0,TangentCircles,"Riņķa līnijas, kas pieskaras",Tangent circles,"Riņķa līniju konfigurācijas, kurās tās pieskaras (iekšēji vai ārēji).",Configurations of circles tangent to each other (internally or externally).,,,
3,2,9,0,0,ThreeEqualCircles,Trīs riņķa līnijas ar vienādu rādiusu,Three circles of equal radius,Trīs riņķa līniju ar vienādiem rādiusiem konfigurācijas.,Configurations of three circles with equal radii.,,,
3,2,10,0,0,ThreeCircumscribedCirclesIntersecting,Trīs apvilktas riņķa līnijas krustojas vienā punktā,Three circumcircles through one point,"Konfigurācijas, kurās trīs apvilktās riņķa līnijas iet caur kopīgu punktu (piemēram, Mikela punkts).",Configurations where three circumscribed circles pass through a common point (e.g. Miquel point).,,,
3,2,11,0,0,CircleInscribedInCircularSegment,Segmentā ievilktas riņķa līnijas,Circles inscribed in a circular segment,Riņķa segmentā ievilktas riņķa līnijas un to īpašības.,Circles inscribed in a circular segment and their properties.,,,
3,2,12,0,0,RadicalAxis,Radikālā ass,Radical axis,"Divu riņķa līniju radikālā ass: punktu ģeometriskā vieta, kuriem vienāda pakāpe attiecībā pret abām riņķa līnijām.",The radical axis of two circles: the locus of points with equal power with respect to both circles.,,,
3,3,0,0,0,Triangle,Trijstūris,Triangle,"Uzdevumos dots trijstūris un ar to saistīti punkti vai taisnes, vai riņķa līnijas. Trijstūris un tā ievilktā un apvilktā riņķa līnija. Taisnleņķa trijstūri. Vienādmalu trijstūris.  Vienādsānu trijstūri. Trijstūri ar leņķiem $60^{\circ}$ vai $120^{\circ}$.Trijstūri, kuru malu garumi ir veseli skaitļi.  Ar trijstūri saistītas līnijas un ģeometriskas sakarības.  Menelaja teorēma. Čevas teorēma. Simsona taisne. Pēdas punktu trijstūris. Eilera taisne un deviņu punktu riņķa līnija. Brokāra punkti . Lemuāna punkts.","Problems featuring a triangle and points, lines or circles associated with it. A triangle and its incircle and circumcircle. Right triangles. Equilateral and isosceles triangles. Triangles with $60^{\circ}$ or $120^{\circ}$ angles. Triangles with integer side lengths. Lines and relations associated with a triangle. Menelaus' theorem, Ceva's theorem, the Simson line, the pedal triangle, the Euler line and the nine-point circle, Brocard points, the Lemoine point.",,,
3,3,1,0,0,TriangleMetric,Metriskas sakarības trijstūrī,Metric relations in a triangle,Metriskas sakarības starp trijstūra malām un citiem tā elementiem.,Metric relations among the sides and other elements of a triangle.,,,
3,3,1,1,0,TriangleSides,Trijstūra malas,Sides of a triangle,Sakarības starp trijstūra malu garumiem.,Relations among the side lengths of a triangle.,,,
3,3,1,2,0,TrianglePerimeter,Trijstūra perimetrs,Perimeter of a triangle,Aprēķini un novērtējumi ar trijstūra perimetru.,Computations and estimates involving the perimeter of a triangle.,,,
3,3,1,3,0,TriangleArea,Laukuma formulas,Area formulas,Izmantot trijstūru laukuma formulas,Using the area formulas of a triangle.,,,
3,3,1,3,1,TriangleAreaFromBaseAltitude,Trijstūra laukums ar pamatu un augstumu,Area from base and altitude,Izmantot trijstūra laukuma formulu $S=\frac{ah}{2}$,Using the triangle area formula $S=\frac{ah}{2}$.,,,
3,3,1,3,2,TriangleAreaFromSidesAndAngle,Trijstūra laukums ar malām un leņķi,Area from two sides and the included angle,Izmantot trijstūra laukuma formulu $S=\frac{1}{2}ab \sin \gamma$,Using the triangle area formula $S=\frac{1}{2}ab \sin \gamma$.,,,
3,3,1,4,0,PythagorasTheorem,Pitagora teorēma,Pythagorean theorem,Pitagora teorēma $a^2+b^2=c^2$ taisnleņķa trijstūrī un tai apgrieztā teorēma; lietojumi garumu aprēķināšanai.,The Pythagorean theorem $a^2+b^2=c^2$ in a right triangle and its converse; applications for computing lengths.,M.9.6.4.1.,PythagoreanTriples; CosineTheorem,Jauna rinda (2026): skolas standartkursa saturs.
3,3,2,0,0,TriangleIncircleCircumcircle,Trijstūris un tā ievilktā un apvilktā riņķa līnija,A triangle and its incircle and circumcircle,Trijstūra kopā ar tā ievilkto un apvilkto riņķa līniju īpašības.,Properties of a triangle together with its inscribed and circumscribed circles.,,,
3,3,3,0,0,TrianglesSpecial,Speciālu veidu trijstūri,Special types of triangles,Izmantot noteiktu trijstūru apakškopu īpašības,Using properties of particular families of triangles.,,,
3,3,3,1,0,TrianglesRight,Taisnleņķa trijstūri,Right triangles,"Taisnleņķa trijstūru īpašības, tsk. šauro leņķu trigonometriskās sakarības.","Properties of right triangles, incl. the trigonometric ratios of the acute angles.",M.9.6.4.1.,,
3,3,3,1,1,TrianglesRightRatioSine,Taisnleņķa trijstūra pretkatetes un hipotenūzas attiecība (sin),Sine as a ratio in a right triangle,Pretkatetes un hipotenūzas attiecība ($\sin$).,The ratio of the opposite leg to the hypotenuse ($\sin$).,,,
3,3,3,1,2,TrianglesRightRatioCosine,Taisnleņķa trijstūra piekatetes un hipotenūzas attiecība (cos),Cosine as a ratio in a right triangle,Piekatetes un hipotenūzas attiecība ($\cos$).,The ratio of the adjacent leg to the hypotenuse ($\cos$).,,,
3,3,3,1,3,TrianglesRightRatioTangent,Taisnleņķa trijstūra pretkatetes un piekatetes attiecība (tan),Tangent as a ratio in a right triangle,Pretkatetes un piekatetes attiecība ($\tan$).,The ratio of the opposite leg to the adjacent leg ($\tan$).,,,
3,3,3,2,0,TrianglesEquilateral,Vienādmalu trijstūris,Equilateral triangle,Izmantot vienādmalu trijstūru īpašības,Using the geometric properties of equilateral triangles.,,,
3,3,3,3,0,TrianglesIsosceles,Vienādsānu trijstūri,Isosceles triangles,Izmantot vienādsānu trijstūru īpašības,Using the geometric properties of isosceles triangles.,,,
3,3,3,4,0,TrianglesWithAngles60or120,Trijstūri ar leņķiem $60^{\circ}$ vai $120^{\circ}$,Triangles with 60 or 120 degree angles,Trijstūru ar $60^{\circ}$ vai $120^{\circ}$ leņķi īpašības.,Properties of triangles containing a $60^{\circ}$ or $120^{\circ}$ angle.,,,
3,3,3,5,0,TrianglesWithIntegerSides,"Trijstūri, kuru malu garumi ir veseli skaitļi",Triangles with integer sides,"Trijstūri, kuru malu garumi ir veseli skaitļi.",Triangles whose side lengths are integers.,,,
3,3,4,0,0,TriangleCongruence,"Trijstūru vienādības pazīmes (""mmm"", ""mlm"", ""lml"").",Triangle congruence criteria,Izmantot trijstūru vienādības pazīmes,"Using the triangle congruence criteria (SSS, SAS, ASA).",M.9.6.3.1.; M.9.6.3.2.,,
3,3,4,1,0,TriangleCongruenceSSS,Trijstūru vienādības pazīme mmm,SSS congruence,Trijstūru vienādības pazīme pēc trim malām (mmm).,The side-side-side congruence criterion.,,,
3,3,4,2,0,TriangleCongruenceSAS,Trijstūru vienādības pazīme mlm,SAS congruence,Trijstūru vienādības pazīme pēc divām malām un leņķa starp tām (mlm).,The side-angle-side congruence criterion.,,,
3,3,4,3,0,TriangleCongruenceASA,Trijstūru vienādības pazīme lml,ASA congruence,Trijstūru vienādības pazīme pēc malas un tai pieguļošajiem leņķiem (lml).,The angle-side-angle congruence criterion.,,,
3,3,4,4,0,UsingEqualTriangles,Trijstūru vienādības lietošana,Using congruent triangles,Vienādu trijstūru izmantošana nogriežņu un leņķu vienādību pārnešanai.,Using congruent triangles to transfer equalities of segments and angles.,,,
3,3,5,0,0,TriangleSimilarity,Trijstūru līdzība,Triangle similarity,"Līdzīgi trijstūri, līdzības pazīmes un to lietojumi.","Similar triangles, similarity criteria and their applications.",M.9.6.3.3.; M.9.6.3.4.,,
3,3,5,1,0,TriangleSimilaritySSS,Trijstūru līdzība pēc 3 proporcionālām malām,Similarity by three proportional sides,Trijstūru līdzība pēc trim proporcionālām malām.,The similarity criterion with three proportional sides.,,,
3,3,5,2,0,TriangleSimilaritySAS,Trijstūru līdzība pēc 2 proporcionālām malām un leņķa,Similarity by two proportional sides and the angle,Trijstūru līdzība pēc divām proporcionālām malām un leņķa starp tām.,The similarity criterion with two proportional sides and the included angle.,,,
3,3,5,3,0,TriangleSimilarityAAA,Trijstūru līdzība pēc 3 vienādiem leņķiem,Similarity by equal angles,Trijstūru līdzība pēc vienādiem leņķiem.,The similarity criterion with equal angles.,,,
3,3,5,4,0,SimilarTriangleSideRatio,Līdzīgu trijstūru malu attiecība,Side ratio of similar triangles,Līdzīgu trijstūru atbilstošo malu attiecība (līdzības koeficients).,The ratio of corresponding sides of similar triangles (the similarity coefficient).,,,
3,3,5,5,0,SimilarTriangleAreaRatio,Līdzīgu trijstūru laukumu attiecība,Area ratio of similar triangles,Līdzīgu trijstūru laukumi attiecas kā līdzības koeficienta kvadrāts.,The areas of similar triangles are in the square of the similarity coefficient.,,,
3,3,5,6,0,TriangleFromAltitudeFeet,"Trijstūris, ko nosaka augstumu pamati",The triangle of the altitude feet,"Ortotrijstūris — trijstūris, ko nosaka augstumu pamati.",The orthic triangle — the triangle determined by the feet of the altitudes.,,,
3,3,5,7,0,SimilarShapes,Līdzīgas figūras,Similar figures,Patvaļīgu figūru (ne tikai trijstūru) līdzība.,Similarity of arbitrary figures (not only triangles).,,,
3,3,6,0,0,TriangleAugmenting,Jaunu konstrukciju pievienošana trijstūrim,Adding new constructions to a triangle,Ar trijstūri saistītas ģeometriskas sakarības un konstrukcijas un to lietojumi,Geometric relations and constructions associated with a triangle and their applications.,,,
3,3,6,1,0,TriangleMedian,Trijstūra mediānu īpašības,Properties of triangle medians,"Trijstūra mediānas: krustošanās smaguma centrā, attiecība 2:1, laukuma dalīšana uz pusēm.","The medians of a triangle: concurrency at the centroid, the 2:1 ratio, halving the area.",,,
3,3,6,2,0,TriangleSideBisector,Trijstūra malu vidusperpendikulu īpašības,Properties of perpendicular bisectors,Trijstūra malu vidusperpendikulu īpašības.,The perpendicular bisectors of the sides of a triangle.,,,
3,3,6,2,1,SideBisectorAsLocus,Vidusperpendikuls kā ģeometriska vieta,The perpendicular bisector as a locus,"Vidusperpendikuls kā punktu ģeometriskā vieta, kas vienādā attālumā no diviem punktiem.",The perpendicular bisector as the locus of points equidistant from two points.,,,
3,3,6,2,2,Circumcenter,Apvilktā riņķa centrs,Circumcenter,Apvilktā riņķa centrs kā vidusperpendikulu krustpunkts.,The circumcenter as the intersection point of the perpendicular bisectors.,,,
3,3,6,3,0,TriangleAngleBisector,Trijstūra bisektrise,Angle bisector of a triangle,"Trijstūra bisektrises: ievilktā riņķa centrs, bisektrise kā ģeometriskā vieta, bisektrises garuma un attiecību īpašības.","The angle bisectors of a triangle: the incenter, the bisector as a locus, the angle bisector length and ratio properties.",,,
3,3,6,4,0,TriangleAltitude,Trijstūra augstums,Altitude of a triangle,Trijstūra augstumi un ortocentrs.,The altitudes of a triangle and the orthocenter.,,,
3,3,6,5,0,TrianglePropertiesAdvanced,Sarežģītākas trijstūru īpašības,More advanced triangle properties,Sarežģītākas teorēmas un trijstūra īpašie punkti un taisnes.,More advanced theorems and special points and lines of a triangle.,,,
3,3,6,5,1,MenelausTheorem,Menelaja teorēma,Menelaus' theorem,"Menelaja teorēma par taisni, kas krusto trijstūra malas.",Menelaus' theorem about a transversal line cutting the sides of a triangle.,,,
3,3,6,5,2,CevaTheorem,Čevas teorēma,Ceva's theorem,Čevas teorēma — kritērijs trīs čevianu krustojumam vienā punktā.,Ceva's theorem — the criterion for three cevians to be concurrent.,,,
3,3,6,5,3,SimsonLine,Simsona taisne,Simson line,Simsona taisne: no apvilktās riņķa līnijas punkta uz malām vilkto perpendikulu pamati atrodas uz vienas taisnes.,The Simson line: the feet of the perpendiculars from a point on the circumcircle to the sides are collinear.,,,
3,3,6,5,4,PedalTriangle,Pēdas punktu trijstūris,Pedal triangle,Punkta pēdas punktu trijstūris attiecībā pret trijstūri.,The pedal triangle of a point with respect to a triangle.,,,
3,3,6,5,5,EulerLine,Eilera taisne,Euler line,"Eilera taisne caur apvilktā riņķa centru, smaguma centru un ortocentru.","The Euler line through the circumcenter, centroid and orthocenter.",,,
3,3,6,5,6,NinePointCircle,Deviņu punktu riņķa līnija,Nine-point circle,"Deviņu punktu riņķa līnija caur malu viduspunktiem, augstumu pamatiem un Eilera punktiem.","The nine-point circle through the midpoints of the sides, the feet of the altitudes and the Euler points.",,,
3,3,6,5,7,BrocardPoints,Brokāra punkti,Brocard points,Trijstūra Brokāra punkti un to īpašības.,The Brocard points of a triangle and their properties.,,,
3,3,6,5,8,LemoinePoint,Lemuāna punkts,Lemoine point,Trijstūra Lemuāna (simediānu) punkts.,The Lemoine (symmedian) point of a triangle.,,,
3,4,0,0,0,Quadrilaterals,Četrstūris,Quadrilaterals,Kvadrāts. Taisnstūris. Rombs. Trapece. Ievilkti četrstūri. Apvilkti četrstūri. Ptolemaja teorēma.,"Squares, rectangles, rhombi, trapezoids. Cyclic and tangential quadrilaterals. Ptolemy's theorem.",,,
3,4,1,0,0,Square,Kvadrāts,Square,Izmantot kvadrātu ģeometriskās īpašības,Using the geometric properties of squares.,,,
3,4,2,0,0,Rectangles,Taisnstūris,Rectangle,Izmantot taisnstūru ģeometriskās īpašības,Using the geometric properties of rectangles.,,,
3,4,3,0,0,Rhombus,Rombs,Rhombus,Izmantot rombu ģeometriskās īpašības,Using the geometric properties of rhombi.,,,
3,4,4,0,0,Parallelograms,Paralelograms,Parallelogram,Izmantot paralelogramu ģeometriskās īpašības,Using the geometric properties of parallelograms.,,,
3,4,4,1,0,ParallelogramArea,Paralelograma laukums,Area of a parallelogram,Paralelograma laukuma formulas.,The area formulas of a parallelogram.,,,
3,4,5,0,0,Trapezoid,Trapece,Trapezoid,Izmantot trapeču ģeometriskās īpašības un laukuma formulu,Using the geometric properties of trapezoids and the trapezoid area formula.,,,
3,4,5,1,0,IsoscelesTrapezoid,Vienādsānu trapece,Isosceles trapezoid,"Vienādsānu trapeces īpašības, tsk. virsotņu atrašanās uz vienas riņķa līnijas.","Properties of isosceles trapezoids, incl. concyclicity of the vertices.",,,
3,4,5,2,0,RightTrapezoid,Taisnleņķa trapece,Right trapezoid,Taisnleņķa trapeces īpašības.,Properties of right trapezoids.,,,
3,4,6,0,0,CyclicTangentialQuadrilaterals,Ievilkti un apvilkti četrstūri,Cyclic and tangential quadrilaterals,Ievilkti četrstūri (pretējo leņķu summa $180^{\circ}$) un apvilkti četrstūri (vienādas pretējo malu summas).,Cyclic quadrilaterals (opposite angles summing to $180^{\circ}$) and tangential quadrilaterals (equal sums of opposite sides).,,,
3,4,7,0,0,PtolemyTheorem,Ptolemaja teorēma,Ptolemy's theorem,Ptolemaja teorēma un nevienādība ievilktiem četrstūriem.,Ptolemy's theorem and inequality for cyclic quadrilaterals.,,,
3,4,8,0,0,QuadrilateralsOther,Pārējie uzdevumi par četrstūriem,Other quadrilateral problems,Pārējie uzdevumi par četrstūriem.,Other problems about quadrilaterals.,,,
3,5,0,0,0,Polygons,Daudzstūris,Polygons,Piecstūri. Sešstūri. Regulāri daudzstūri. Ievilkti un apvilkti daudzstūri. Patvaļīgi izliekti daudzstūri. Paskāla teorēma. Helli teorēma. Ieliekti daudzstūri. Izoperimetriskā nevienādība.,Pentagons. Hexagons. Regular polygons. Inscribed and circumscribed polygons. Arbitrary convex polygons. Pascal's theorem. Helly's theorem. Concave polygons. The isoperimetric inequality.,,,
3,5,1,0,0,PolygonPerimeter,Daudzstūra perimetrs,Perimeter of a polygon,Daudzstūra perimetra atrašana un novērtējumi,Finding and estimating the perimeter of a polygon.,,,
3,5,2,0,0,PolygonAnglesSum,Daudzstūra iekšējo leņķu summa,Sum of the interior angles of a polygon,Izmantot daudzstūru leņķu summas sakarību $180^{\circ}(n-2)$ un citas leņķu sakarības,Using the interior angle sum $180^{\circ}(n-2)$ and other angle relations of polygons.,,,
3,5,3,0,0,Pentagons,Piecstūri,Pentagons,Uzdevumi par piecstūriem.,Problems about pentagons.,,,
3,5,4,0,0,Hexagons,Sešstūri,Hexagons,Uzdevumi par sešstūriem.,Problems about hexagons.,,,
3,5,5,0,0,PolygonRegular,Regulāri daudzstūri,Regular polygons,Regulāru daudzstūru īpašības un elementi,Properties and elements of regular polygons.,,,
3,5,6,0,0,InscribedCircumscribedPolygons,Ievilkti un apvilkti daudzstūri,Inscribed and circumscribed polygons,Riņķa līnijā ievilkti un tai apvilkti daudzstūri.,Polygons inscribed in or circumscribed about a circle.,,,
3,5,7,0,0,ConvexPolygons,Patvaļīgi izliekti daudzstūri,Arbitrary convex polygons,Patvaļīgu izliektu daudzstūru īpašības.,Properties of arbitrary convex polygons.,,,
3,5,8,0,0,PascalTheorem,Paskāla teorēma,Pascal's theorem,Paskāla teorēma par konikā (riņķa līnijā) ievilktu sešstūri.,Pascal's theorem on a hexagon inscribed in a conic (circle).,,,
3,5,9,0,0,HellyTheorem,Helli teorēma,Helly's theorem,Helli teorēma par izliektu kopu šķēlumiem plaknē.,Helly's theorem on intersections of convex sets in the plane.,,,
3,5,10,0,0,ConcavePolygons,Ieliekti daudzstūri,Concave polygons,Neizliektu (ieliektu) daudzstūru īpašības.,Properties of non-convex (concave) polygons.,,,
3,5,11,0,0,IsoperimetricInequality,Izoperimetriskā nevienādība,Isoperimetric inequality,Izoperimetriskā nevienādība: starp figūrām ar dotu perimetru vislielākais laukums ir riņķim.,"The isoperimetric inequality: among figures of a given perimeter, the disc has the largest area.",,,
3,6,0,0,0,Area,Laukums,Area,"Laukumu aprēķināšana. Četrstūra laukuma formulas. Laukumi trijstūriem vai citām figūrām, kurās ir sadalīts daudzstūris. Vienlielas figūras. Mediāna sadala trijstūri vienādu laukumu trijstūros. Taisnes un līknes, kas sadala figūras vienlielās daļās. Laukumu pārgrupēšana.",Computing areas. Quadrilateral area formulas. Areas of triangles or other figures into which a polygon is divided. Figures of equal area. A median divides a triangle into triangles of equal area. Lines and curves dividing figures into parts of equal area. Regrouping areas.,,,
3,6,1,0,0,ComputingArea,Laukumu aprēķināšana,Computing areas,Figūru laukumu tieša aprēķināšana.,Direct computation of areas of figures.,,,
3,6,2,0,0,QuadrilateralArea,Četrstūri un laukumi,Quadrilaterals and areas,Četrstūru un to daļu laukumi.,Areas of quadrilaterals and of parts into which they are divided.,,,
3,6,2,1,0,QuadrilateralAreaExpressions,Četrstūra laukuma formulas,Quadrilateral area formulas,"Četrstūra laukuma formulas (ar diagonālēm, malām, leņķiem).","Formulas for the area of a quadrilateral (via diagonals, sides, angles).",,,
3,6,2,2,0,QuadrilateralDivideIntoTrianglesArea,"Laukumi trijstūriem, kuros ir sadalīts četrstūris",Areas of triangles into which a quadrilateral is divided,"Laukumi trijstūriem, kuros četrstūri sadala diagonāles vai citi nogriežņi.",Areas of the triangles into which a quadrilateral is divided by its diagonals or other segments.,,,
3,6,2,3,0,QuadrilateralDivideIntoShapesArea,"Laukumi figūrām, kuras iegūst, sadalot četrstūri",Areas of parts of a divided quadrilateral,"Laukumi figūrām, kuras iegūst, sadalot četrstūri.",Areas of the figures obtained by dividing a quadrilateral.,,,
3,6,3,0,0,ShapesOfSameArea,Vienlielas figūras,Figures of equal area,Vienlielas figūras un laukumu saglabājoši pārveidojumi.,Figures of equal area and transformations preserving area.,,,
3,6,3,1,0,MedianDividingAreaInHalf,Mediāna sadala trijstūri vienādu laukumu trijstūros,A median halves the area,Mediāna sadala trijstūri divos vienlielos trijstūros.,A median divides a triangle into two triangles of equal area.,,,
3,6,3,2,0,LinesAndCurvesDividingAreaInHalf,"Taisnes un līknes, kas sadala figūras vienlielās daļās",Lines and curves halving areas,"Taisnes un līknes, kas sadala figūras vienlielās daļās.",Lines and curves dividing figures into parts of equal area.,,,
3,6,4,0,0,UsingAreaInSolution,Laukuma izmantošana uzdevumu risinājumos,Using areas in solutions,Laukumu izmantošana citu (ne laukuma) apgalvojumu pierādīšanai (laukumu metode).,Using areas as a tool to prove non-area statements (the area method).,,,
3,6,5,0,0,RegroupingAreas,Laukumu pārgrupēšana,Regrouping areas,Laukumu sagriešana un pārgrupēšana to salīdzināšanai vai aprēķināšanai.,Cutting and regrouping areas to compare or compute them.,,,
3,7,0,0,0,PlaneConstructions,Konstrukcijas uzdevumi,Construction problems,"Uzdevumi, kuros doti specifiski trijstūra elementi un, izmantojot cirkuli un lineālu, jākonstruē trijstūri. Uzdevumi, kuros doti konkrēti punkti un/ vai nogriežņi, taisnes, leņķi vai riņķa līnijas un nepieciešams konstruēt trijstūri, četrstūri, leņķi, taisni, staru vai riņķa līniju, izmantojot cirkuli un lineālu. Iespējami arī uzdevumi, kuros ļauts izmantot tikai lineālu, divpusēju lineālu vai uzstūri (taisnleņķa lineālu). Citi konstrukcijas uzdevumi.","Problems where specific elements of a triangle are given and triangles must be constructed with compass and straightedge. Problems where points, segments, lines, angles or circles are given, and a triangle, quadrilateral, angle, line, ray or circle must be constructed with compass and straightedge. Also constructions with a straightedge only, a two-sided straightedge or a set square. Other construction problems.",M.9.6.1.6.,,
3,7,1,0,0,ConstructingInscribedAngle,Ievilkta leņķa konstruēšana,Constructing an inscribed angle,"Konstrukcijas, kas balstās uz ievilkto leņķi (loka konstruēšana, no kura nogrieznis redzams dotajā leņķī).",Constructions based on the inscribed angle (constructing the arc from which a segment subtends a given angle).,,,
3,7,2,0,0,ConstructingTriangles,Trijstūru konstruēšana,Constructing triangles,Trijstūru konstruēšana no dotiem elementiem.,Constructing triangles from given data.,,,
3,7,2,1,0,SimilarTriangles,Līdzīgu trijstūru un homotētijas attēlu konstruēšana,Constructing similar triangles and homothety images,Līdzīgu trijstūru un homotētijas attēlu konstruēšana.,Constructing similar triangles and images under homothety.,,,
3,7,2,2,0,ConstructingTrianglesFromElements,Trijstūru konstruēšana no to elementiem,Constructing triangles from their elements,"Trijstūra konstruēšana no dotām malām, leņķiem, mediānām, augstumiem, bisektrisēm utt.","Constructing a triangle from given sides, angles, medians, altitudes, bisectors etc.",,,
3,7,2,3,0,ConstructingTrianglesFromPoints,Trijstūru konstruēšana no to īpašajiem punktiem,Constructing triangles from special points,"Trijstūra konstruēšana no tā īpašajiem punktiem (smaguma centra, ortocentra, apvilktā riņķa centra u.c.).","Constructing a triangle from its special points (centroid, orthocenter, circumcenter, ...).",,,
3,7,3,0,0,ConstructingQuadrilaterals,Četrstūru konstruēšana,Constructing quadrilaterals,Četrstūru konstruēšana no dotiem elementiem.,Constructing quadrilaterals from given data.,,,
3,7,4,0,0,ConstructingCircles,Riņķa līniju konstruēšana,Constructing circles,"Riņķa līniju konstruēšana pēc dotiem nosacījumiem (caur punktiem, pieskaroties taisnēm vai riņķa līnijām).","Constructing circles satisfying given conditions (through points, tangent to lines or circles).",,,
3,7,5,0,0,CirclesOfApollonius,Apolonija riņķa līniju konstruēšana,Constructing circles of Apollonius,Apolonija riņķa līnija (punktu ģeometriskā vieta ar fiksētu attālumu attiecību līdz diviem punktiem) konstrukcijās.,The circle of Apollonius (locus of points with a fixed distance ratio to two points) in constructions.,,,
3,7,6,0,0,ConstructingUnusual,Konstrukcijas plaknē ar neparastiem līdzekļiem,Constructions with unusual tools,Konstrukcijas plaknē ar ierobežotiem vai neparastiem līdzekļiem.,Plane constructions with restricted or unusual tools.,,,
3,7,6,1,0,ConstructingWithRulerOnly,"Konstrukcijas, kas izmanto tikai lineālu",Straightedge-only constructions,"Konstrukcijas, kurās izmanto tikai lineālu.",Constructions using only a straightedge.,,,
3,7,6,2,0,ConstructingWithDoubleSidedRuler,Konstrukcijas ar divpusēju lineālu,Constructions with a two-sided straightedge,Konstrukcijas ar divpusēju (paralēlu malu) lineālu.,Constructions with a two-sided (parallel-edge) straightedge.,,,
3,7,6,3,0,ConstructingWithSetSquare,Konstrukcijas ar taisnleņķa lineālu,Constructions with a set square,Konstrukcijas ar taisnleņķa lineālu (uzstūri).,Constructions with a right-angle (set square) tool.,,,
3,7,6,4,0,ConstructingWithCompassOnly,"Konstrukcijas, kas izmanto tikai cirkuli",Compass-only constructions,"Konstrukcijas, kurās izmanto tikai cirkuli (Mora-Maskeroni stilā).",Constructions using only a compass (Mohr–Mascheroni style).,,,
3,7,6,5,0,ConstructingOtherTools,Konstrukcijas plaknē ar citiem līdzekļiem,Constructions with other tools,Konstrukcijas plaknē ar citiem līdzekļiem.,Plane constructions with other tools.,,,
3,7,7,0,0,ConstructionsTriangulate,Triangulācija,Triangulation,Veikt daudzstūru triangulāciju,Triangulating polygons.,,,
3,8,0,0,0,Locus,Punktu ģeometriskā vieta,Locus of points,"Uzdevumi, kuros jāatrod punktu ģeometrskā vieta vai trajektorija. Atrast punktu kopu plaknē ar noteiktām īpašībām.  Pierādīt, ka dotajā veidā iegūtie punkti ir uz vienas taisnes vai vienas riņķa līnijas. Pierādīt, ka dotās līnijas krustojas vienā punktā. Karno teorēma.",Problems asking for the locus or trajectory of points. Finding the set of points in the plane with given properties. Proving that points obtained in a given way lie on one line or one circle. Proving that given lines meet at one point. Carnot's theorem.,,HomothetyAndDilation,
3,8,1,0,0,LocusLineOrSegment,Punktu ģeometriskā vieta – taisne vai nogrieznis,Locus: a line or a segment,"Ģeometriskās vietas, kas izrādās taisnes, stari vai nogriežņi.","Loci that turn out to be lines, rays or segments.",,,
3,8,2,0,0,LocusCircleOrArc,Punktu ģeometriskā vieta – riņķa līnija vai loks,Locus: a circle or an arc,"Ģeometriskās vietas, kas izrādās riņķa līnijas vai loki.",Loci that turn out to be circles or arcs.,,,
3,8,3,0,0,InscribedAngle,Ievilkts leņķis kā ģeometriskā vieta,Inscribed angle as a locus,"Loks kā ģeometriskā vieta punktiem, no kuriem nogrieznis redzams dotā leņķī.",The arc as the locus of points from which a segment subtends a given angle.,,CircleInscribedAngles,
3,8,4,0,0,AuxiliaryTrianglesEqualOrSimilar,Vienādi vai līdzīgi palīgtrijstūri,Auxiliary congruent or similar triangles,Vienādu vai līdzīgu palīgtrijstūru izmantošana ģeometrisko vietu uzdevumos.,Using auxiliary congruent or similar triangles in locus problems.,,,
3,8,5,0,0,LocusMethod,Punktu ģeometriskās vietas metode,The locus method,Punkta atrašana kā divu ģeometrisko vietu krustpunkts (ģeometrisko vietu metode).,Finding a point as the intersection of two loci (the locus method).,,,
3,8,6,0,0,LocusWithNonzeroArea,Punktu ģeometriskā vieta ar nenulles laukumu,Loci with nonzero area,"Ģeometriskās vietas, kas veido divdimensionālus apgabalus (ar nenulles laukumu).",Loci that form two-dimensional regions (of nonzero area).,,,
3,8,7,0,0,CarnotTheorem,Karno teorēma,Carnot's theorem,"$P_a, P_b, P_c$ ir trīs perpendikulu pamati pret trijstūra malām $a, b, c$. Šie trīs perpendikuli krustojas vienā punktā tad un tikai tad, ja izpildās vienādība $|AP_c|^2+|BP_a|^2+|CP_b|^2=|BP_c|^2+|CP_a|^2+|AP_b|^2$","$P_a, P_b, P_c$ are the feet of three perpendiculars to the sides $a, b, c$ of a triangle. The three perpendiculars are concurrent iff $|AP_c|^2+|BP_a|^2+|CP_b|^2=|BP_c|^2+|CP_a|^2+|AP_b|^2$.",,,
3,8,8,0,0,FermatApolloniusCircles,Fermā-Apolonija riņķa līnija,Fermat–Apollonius circle,Apolonija riņķa līnija kā ģeometriskā vieta punktiem ar fiksētu attālumu attiecību līdz diviem dotiem punktiem.,The Apollonius circle as the locus of points with a fixed ratio of distances to two given points.,,,
3,9,0,0,0,MetricComputations,Metriskās sakarības,Metric relations,"Uzdevumi, kuros ģeometrisku apgalvojumu pamato ar algebrisku vai trigonometrisku izteiksmi. Uzdevumi, kuros dota sakarība starp ģeometriskiem lielumiem un jāpierāda, ka tā nav atkarīga no punkta vai taisnes izvēles. Uzdevumi, kuros jāpierāda nogriežņu vienādība vai jāaprēķina to attiecība. Uzdevumi, kuros jāaprēķina leņķi vai attālumi. Sinusu teorēma, kosinusu teorēma. Koordinātu izmantošana. Ievilkto, apvilkto un pievilkto riņķa līniju rādiusi. Malu, augstumu, bisektrišu garumi. Trijstūra leņķu sinusi un kosinusi. Trijstūra leņķu tangensi un kotangensi.","Problems where a geometric statement is justified by an algebraic or trigonometric expression. Problems with a given relation between geometric quantities where independence of the choice of point or line must be shown. Proving equality of segments or computing their ratios. Computing angles or distances. The law of sines, the law of cosines. Using coordinates. Radii of the inscribed, circumscribed and escribed circles. Lengths of sides, altitudes, bisectors. Sines, cosines, tangents and cotangents of the angles of a triangle.",,Circle; Trigonometry,
3,9,1,0,0,SineTheorem,Sinusu teorēma,Law of sines,"Teorēma $\frac{a}{\sin \alpha} = \frac{b}{\sin \beta} = \frac{c}{\sin \gamma} = 2R$, kur $a,b,c$ ir trijstūra malas; $\alpha, \beta, \gamma$ ir trijstūra leņķi un $R$ ir trijstūrim apvilktā riņķa rādiuss.","The theorem $\frac{a}{\sin \alpha} = \frac{b}{\sin \beta} = \frac{c}{\sin \gamma} = 2R$, where $a,b,c$ are the sides, $\alpha, \beta, \gamma$ the angles and $R$ the circumradius of a triangle.",M.O.6.1.1.,,
3,9,2,0,0,CosineTheorem,Kosinusu teorēma,Law of cosines,Kosinusu teorēma $c^2=a^2+b^2-2ab\cos\gamma$ un tās lietojumi.,The law of cosines $c^2=a^2+b^2-2ab\cos\gamma$ and its applications.,M.O.6.1.1.,,
3,9,3,0,0,IncircleCircumcircleExcircle,"Ievilktās, apvilktās, pievilktās riņķa līnijas","Incircle, circumcircle, excircles","Ievilktās, apvilktās un pievilktās riņķa līnijas, to rādiusi","The inscribed, circumscribed and escribed circles and their radii.",,,
3,9,4,0,0,LengthsOfSidesAltitudesBisectors,"Malu, augstumu, bisektrišu garumi","Lengths of sides, altitudes and bisectors","Formulas trijstūra malu, augstumu, mediānu un bisektrišu garumiem.","Formulas for the lengths of the sides, altitudes, medians and bisectors of a triangle.",,,
3,9,5,0,0,TriangleAnglesSineCosine,Trijstūra leņķu sinusi un kosinusi,Sines and cosines of the angles of a triangle,Identitātes un aprēķini ar trijstūra leņķu sinusiem un kosinusiem.,Identities and computations with the sines and cosines of the angles of a triangle.,,,
3,9,6,0,0,TriangleAnglesTangentCotangent,Trijstūra leņķu tangensi un kotangensi,Tangents and cotangents of the angles of a triangle,Identitātes un aprēķini ar trijstūra leņķu tangensiem un kotangensiem.,Identities and computations with the tangents and cotangents of the angles of a triangle.,,,
3,9,7,0,0,ExpressingAngles,Leņķu aprēķināšana,Computing angles,Leņķu aprēķināšana no dotiem metriskiem lielumiem.,Computing angles from given metric data.,,,
3,9,8,0,0,CoordinateMethod,Koordinātu metode,Coordinate method,"Ģeometrijas uzdevumu risināšana, ieviešot koordinātas; taišņu un riņķa līniju vienādojumi.",Solving geometry problems by introducing coordinates; equations of lines and circles.,M.O.1.2.3.; M.O.6.2.4.; M.O.6.2.7.,,
3,9,9,0,0,TrigonometricInterpretations,Trigonometriskās interpretācijas,Trigonometric interpretations,Trigonometriskas substitūcijas un interpretācijas ģeometrijas un algebras uzdevumos.,Trigonometric substitutions and interpretations in geometry and algebra problems.,,,https://problems.ru/view_by_subject_new.php?parent=683
3,10,0,0,0,GeometricInequalities,Ģeometriskas nevienādības,Geometric inequalities,"Pierādīt, ka kāds attālums nepārsniedz citu attālumu vai citu ģeometrisku nevienādību.","Proving that some distance does not exceed another distance, or another geometric inequality.",,,
3,10,1,0,0,TriangleInequality,Trijstūra nevienādība,Triangle inequality,Trijstūra nevienādība un tās lietojumi.,The triangle inequality and its applications.,M.9.6.4.3.,,
3,10,2,0,0,InequalitiesForTriangleElements,Nevienādības trijstūra elementiem,Inequalities for the elements of a triangle,"Nevienādības starp trijstūra malām, leņķiem, mediānām, augstumiem, bisektrisēm, rādiusiem un laukumu.","Inequalities among the sides, angles, medians, altitudes, bisectors, radii and area of a triangle.",,,
3,10,2,1,0,InequalitiesForTriangleMedians,Nevienādības trijstūra mediānām,Inequalities for the medians,Nevienādības trijstūra mediānām.,Inequalities for the medians of a triangle.,,,
3,10,2,2,0,InequalitiesForTriangleAltitudes,Nevienādības trijstūra augstumiem,Inequalities for the altitudes,Nevienādības trijstūra augstumiem.,Inequalities for the altitudes of a triangle.,,,
3,10,2,3,0,InequalitiesForTriangleBisectors,Nevienādības trijstūra bisektrisēm,Inequalities for the bisectors,Nevienādības trijstūra bisektrisēm.,Inequalities for the angle bisectors of a triangle.,,,
3,10,2,4,0,InequalitiesForSides,Nevienādības malu garumiem,Inequalities for the side lengths,Nevienādības trijstūra malu garumiem.,Inequalities among the side lengths of a triangle.,,,
3,10,2,5,0,InequalitiesIncircleCircumcircleExcircle,"Ievilkto, apvilkto, pievilkto riņķa līniju nevienādības","Inequalities for the incircle, circumcircle and excircles","Nevienādības ar ievilktās, apvilktās un pievilkto riņķa līniju rādiusiem (piemēram, $R \ge 2r$).","Inequalities involving the radii of the inscribed, circumscribed and escribed circles (e.g. $R \ge 2r$).",,,
3,10,2,6,0,InequalitiesTriangleAngles,Nevienādības starp trijstūra leņķiem,Inequalities between the angles of a triangle,Nevienādības starp trijstūra leņķiem.,Inequalities among the angles of a triangle.,,,
3,10,2,7,0,InequalitiesTriangleArea,Nevienādības trijstūra laukumam,Inequalities for the area of a triangle,Nevienādības trijstūra laukumam.,Inequalities involving the area of a triangle.,,,
3,10,2,8,0,LongestSideLargestAngle,Pret garāko malu ir lielākais leņķis,The largest angle is opposite the longest side,Trijstūrī pret garāko malu atrodas lielākais leņķis.,"In a triangle, the largest angle lies opposite the longest side.",,,
3,10,2,9,0,SegmentWithinTriangle,Nogrieznis trijstūra iekšpusē,A segment inside a triangle,Jebkurš nogrieznis trijstūra iekšpusē ir īsāks par garāko malu,Any segment inside a triangle is shorter than the longest side.,,,
3,10,2,10,0,InequalitiesRightTriangle,Nevienādības taisnleņķa trijstūrī,Inequalities in a right triangle,Nevienādības taisnleņķa trijstūrī.,Inequalities specific to right triangles.,,,
3,10,2,11,0,InequalitiesAcuteTriangle,Nevienādības šaurleņķa trijstūrī,Inequalities in an acute triangle,Nevienādības šaurleņķa trijstūrī.,Inequalities specific to acute triangles.,,,
3,10,2,12,0,TriangleAreaAndHalfproductOfSides,Trijstūra laukums un $\frac{1}{2}ab$,Triangle area and half the product of two sides,Trijstūra laukums nepārsniedz divu malu reizinājuma pusi,The area of a triangle does not exceed half the product of two sides.,,,
3,10,3,0,0,QuadrilateralSumOfDiagonals,Četrstūra diagonāļu garumu summa,Sum of the diagonals of a quadrilateral,Nevienādības četrstūra diagonāļu garumu summai.,Inequalities for the sum of the diagonal lengths of a quadrilateral.,,,
3,10,4,0,0,AreaInequalities,Laukumu nevienādības,Area inequalities,Nevienādības starp figūru laukumiem.,Inequalities between areas of figures.,,,
3,10,5,0,0,AreaForEnclosedShapes,"Laukums, ja viena figūra atrodas citā",Area of a figure contained in another,"Laukumu salīdzināšana, ja viena figūra atrodas otras iekšpusē.",Area comparisons when one figure lies inside another.,,,
3,10,6,0,0,PolygonalChainsInSquare,Kvadrātā ievilktas lauztas līnijas,Polygonal chains inscribed in a square,Kvadrātā ievilktu lauztu līniju garuma un krustošanās īpašības.,Length and intersection properties of polygonal chains inside a square.,,,
3,11,0,0,0,MaxMinProblems,Ekstrēmi ģeometrijā,Extremes in geometry,"Uzdevumi, kuros jāatrod punkti, no kuriem attālumi vai attālumu summas veido maksimālo jeb lielāko vai minimālo jeb mazāko kādas izteiksmes vērtību. Uzdevumi, kuros jāatrod lielākais iespējamais leņķis. Uzdevumi, kuros jāatrod minimālais vai maksimālais laukums.Uzdevumi, kuros jāatrod punkta vai taisnes stāvoklis, pie kura tiek iegūts minimālais vai maksimālais laukums.","Problems asking for points where distances or sums of distances attain the maximum or minimum of some expression. Problems asking for the largest possible angle. Problems asking for the minimal or maximal area, or the position of a point or line at which the minimal or maximal area is attained.",,,
3,11,1,0,0,MaxMinInTriangle,Trijstūris,Extremes in a triangle,Ekstrēmu uzdevumi trijstūrī.,Extremum problems inside a triangle.,,,
3,11,2,0,0,MaxMinExtremePoints,Trijstūra ekstremālie punkti,Extremal points of a triangle,"Trijstūra īpašie ekstremālie punkti (piemēram, Fermā-Toričelli punkts).",Special extremal points of a triangle (e.g. the Fermat–Torricelli point).,,,
3,11,3,0,0,MaxMinAngles,Leņķis,Extreme angles,Uzdevumi par lielāko vai mazāko leņķi.,Problems asking for the maximal or minimal angle.,,,
3,11,4,0,0,MaxMinQuadrilateral,Četrstūri,Extremes for quadrilaterals,Ekstrēmu uzdevumi četrstūriem.,Extremum problems for quadrilaterals.,,,
3,11,5,0,0,MaxMinPolygons,Daudzstūri,Extremes for polygons,Ekstrēmu uzdevumi daudzstūriem.,Extremum problems for polygons.,,,
3,11,6,0,0,MaxMinRegularPolygons,Regulāro daudzstūru ekstremālās īpašības,Extremal properties of regular polygons,Regulāro daudzstūru ekstremālās īpašības.,Extremal properties of regular polygons.,,,
3,11,7,0,0,PigeonholePrincipleInGeometry,Ģeometriski novērtējumi ar vidējo vērtību,Geometric estimates with mean values,"Ģeometriski novērtējumi, izmantojot vidējo vērtību un Dirihlē principu.",Geometric estimates using averaging and the pigeonhole principle.,,,https://www.nms.lu.lv/fileadmin/user_upload/lu_portal/projekti/nms.lu.lv/Gramatas/Tematiskie/VidVeertMet_1996.pdf
3,11,7,1,0,MaxDistancePolygonVertices,Maksimālais attālums starp daudzstūra punktiem,Maximum distance between points of a polygon,Maksimālais attālums starp daudzstūra punktiem (diametrs) un tā īpašības.,The maximum distance between points of a polygon (the diameter) and its properties.,,,https://problems.ru/view_by_subject_new.php?parent=353
3,11,7,2,0,PolygonalChainVerticesSegments,Lauztas līnijas virsotņu un posmu īpašības,Vertices and segments of polygonal chains,Lauztu līniju virsotņu un posmu īpašības.,Properties of the vertices and segments of polygonal chains.,,,
3,11,7,3,0,EstimatingSums,Summu novērtēšanas metodes,Methods for estimating sums,"Metodes ģeometrisku summu (garumu, leņķu, laukumu) novērtēšanai.","Methods for estimating geometric sums (of lengths, angles, areas).",,,
3,11,7,3,1,SumsDirectEstimates,Tieši summu novērtējumi,Direct estimates of sums,Tieši summu novērtējumi pa locekļiem.,Direct term-by-term estimates of sums.,,,
3,11,7,3,2,SumEstimatesOverlaps,Summu novērtējumi un pārklāšanās; apkārtnes jēdziens.,Estimates of sums and overlaps; neighbourhoods,"Summu novērtēšana, izmantojot figūru pārklāšanos un apkārtnes jēdzienu.",Estimating sums using overlaps of figures and the notion of a neighbourhood.,,,
3,11,7,3,3,SumEstimatesTriangleInequality,Summu novērtējumi un trijstūra nevienādība,Estimates of sums with the triangle inequality,"Summu novērtēšana, izmantojot trijstūra nevienādību.",Estimating sums using the triangle inequality.,,,
3,9,10,0,0,BarycentricCoordinates,Smaguma centra koordinātas,Barycentric coordinates and the center of mass,"Punktu sistēmas smaguma centrs, tā koordinātas un baricentriskie (masu punktu) aprēķini ģeometrijas uzdevumos.","The center of mass of a point system, its coordinates, and barycentric (mass point) computations in geometry problems.",,VectorSums; BarycenterAsMeanValueVariant,Pārcelts no 3.11.7.4.1 (bij. BaricenterCoordinates).
3,11,7,4,0,BarycenterAsMeanValueVariant,Smaguma centrs kā vidējās vērtības jēdziena variants,The center of mass as a mean value,Smaguma centrs kā vidējās vērtības jēdziena variants.,The center of mass viewed as a variant of the mean value concept.,,BarycentricCoordinates,
3,11,7,5,0,PigeonholeForAreasAndVolumes,Dirihlē princips laukumam un tilpumam,Pigeonhole principle for areas and volumes,"Nepārtrauktais Dirihlē princips laukumiem un tilpumiem: ja figūru kopējais laukums pārsniedz aptverošās figūras laukumu, tad divas no tām pārklājas.","The continuous pigeonhole principle for areas and volumes: if figures of total area exceeding the container's area lie inside it, two of them overlap.",,,https://problems.ru/view_by_subject_new.php?parent=354
3,11,8,0,0,MeanValueForInfiniteSets,Metodes pielietojumi bezgalīgām kopām,Mean value methods for infinite sets,Vidējās vērtības metodes lietojumi bezgalīgām kopām.,Applications of the mean value method to infinite sets.,,,https://www.nms.lu.lv/fileadmin/user_upload/lu_portal/projekti/nms.lu.lv/Gramatas/Tematiskie/VidVeertMet_1996.pdf
3,11,8,1,0,ReplacingInfiniteSetWithFiniteSet,Bezgalīgas kopas aizstāšana ar lielu galīgu kopu,Replacing an infinite set by a finite set,Bezgalīgas kopas aizstāšana ar lielu galīgu kopu vidējās vērtības spriedumā.,Replacing an infinite set by a large finite set in an averaging argument.,,,
3,11,8,2,0,PartitioningInfinityIntoFinitelyManyParts,Bezgalīgu kopu sadalīšana galīgā skaitā daļu,Partitioning an infinite set into finitely many parts,Bezgalīgas kopas sadalīšana galīgā skaitā daļu un Dirihlē principa lietošana.,Partitioning an infinite set into finitely many parts and applying the pigeonhole principle.,,,
3,11,8,3,0,TheIntegerMeanForSegmentProjection,Nogriežņa projekcijas integrālā vidējā vērtība,The integral mean of a segment projection,Nogriežņa (vai līknes) projekcijas integrālā vidējā vērtība pa virzieniem.,The integral mean value of the projection of a segment (or curve) onto directions.,,,
3,12,0,0,0,Vectors,Vektori,Vectors,Visi uzdevumi par vektoriem.,All problems about vectors.,M.O.6.2.1.; M.O.6.2.2.,,
3,12,1,0,0,VectorsAsPolygonSides,"Vektori, ko veido daudzstūru malas",Vectors formed by polygon sides,"Daudzstūra malas var uzskatīt par vektoriem; tad slēgtā lauztā līnija, ko apraksta daudzstūris, rodas tikai tad, ja visu malu vektoru summa ir nulles vektors.",The sides of a polygon can be viewed as vectors; the closed polygonal chain closes up exactly when the sum of the side vectors is the zero vector.,,,
3,12,2,0,0,ScalarProduct,Skalārais reizinājums. Attiecības,Scalar product; ratios,"Skalārais reizinājums definēts kā $|a| \cdot |b| \cdot \cos \gamma$, kur $\gamma$ ir leņķis starp vektoriem $a$ un $b$.","The scalar product defined as $|a| \cdot |b| \cdot \cos \gamma$, where $\gamma$ is the angle between vectors $a$ and $b$.",,,
3,12,3,0,0,VectorInequalities,"Nevienādības vektoru garumiem, laukumiem u.c.",Vector inequalities,"Vektori ļauj ieviest dažus skalārus lielumus (vektoru garumus, skalāro reizinājumu, laukumu, ko veido divu vektoru noteikts paralelograms). Tie apmierina vairākas nevienādības, no kurām pazīstamākā ir trijstūra nevienādība. Vektoru izteiksmē tā ir $|a+b| \leq |a| + |b|$.","Vectors give rise to scalar quantities (lengths, the scalar product, the area of the parallelogram spanned by two vectors) satisfying several inequalities, the best known being the triangle inequality $|a+b| \leq |a| + |b|$.",,,
3,12,4,0,0,VectorSums,Vektoru summas,Vector sums,Vektoru summēšana. Ģeometrisku elementu izteikšana ar vektoru summām (varbūt arī par noteiktu leņķi pagrieztu vai projicētu vektoru summām).,Summing vectors. Expressing geometric elements through sums of vectors (possibly rotated by a fixed angle or projected).,,,
3,12,5,0,0,AuxiliaryProjections,Palīgprojekcijas,Auxiliary projections,"Vektoru projicēšana, piemēram, uz divām perpendikulārām taisnēm. Vektora izteikšana ar abu tā projekciju summu.","Projecting vectors, e.g. onto two perpendicular lines; expressing a vector as the sum of its two projections.",,,
3,12,6,0,0,VectorsMeanValueMethod,Vidējās vērtības metode vektoriem,Mean value method for vectors,Vidējās vērtības spriedumi vektoru sistēmām.,Averaging arguments applied to systems of vectors.,,,
3,12,7,0,0,PseudoScalarProduct,Pseidoskalārais reizinājums.,Pseudo-scalar (cross) product,"Pseidoskalārais reizinājums definēts kā $|a| \cdot |b| \cdot \sin \gamma$, kur $\gamma$ ir leņķis starp vektoriem $\mathbb{a}$ un $\mathbb{b}$. Tas apraksta paralelograma laukumu, ko veido abi vektori (var būt arī ar mīnusa zīmi - atkarībā no leņķa griešanās virziena).","The pseudo-scalar product defined as $|a| \cdot |b| \cdot \sin \gamma$, where $\gamma$ is the angle between the vectors. It gives the (signed) area of the parallelogram spanned by the two vectors.",,,
3,13,0,0,0,GeometricTransformations,Ģeometriskie pārveidojumi,Geometric transformations,"Paralēlā pārnese, centrālā simetrija, aksiālā simetrija. Simetrijas kompozīcijas. Simetrijas un simetrijas asu īpašības. Pagriezieni un pagriezienu kompozīcijas. Homotētija, homotētiju kompozīcijas un pagrieziena homotētija. Inversija. Afīnie pārveidojumi, projektīvās transformācijas.","Translation, central symmetry, axial symmetry. Compositions of symmetries. Properties of symmetries and axes of symmetry. Rotations and their compositions. Homothety, compositions of homotheties, spiral similarity. Inversion. Affine and projective transformations.",M.O.6.1.2.,,
3,13,1,0,0,ParallelTranslations,Paralēlā pārnese,Translation,Paralēlā pārnese un tās izmantošana uzdevumu risināšanā.,Parallel translation and its use in solving problems.,,,
3,13,2,0,0,CentralSymmetry,Centrālā simetrija,Central symmetry,Centrālā simetrija (simetrija pret punktu) un tās izmantošana uzdevumu risināšanā.,Central symmetry (point reflection) and its use in solving problems.,,,
3,13,3,0,0,AxisSymmetry,Aksiālā simetrija,Axial symmetry,Simetrija pret taisni un tās izmantošana uzdevumu risināšanā.,Reflection in a line and its use in solving problems.,,,
3,13,3,1,0,SolutionsWithSymmetry,Uzdevumu risināšana ar simetrijas palīdzību,Solving problems with symmetry,"Uzdevumu risināšana ar atspoguļojumu palīdzību (piemēram, īsākā ceļa uzdevumos).",Solving problems with the help of reflections (e.g. shortest path problems).,,,
3,13,3,2,0,AxisSymmetryConstructions,Konstrukcijas ar asu simetriju,Constructions with axial symmetry,"Konstrukciju uzdevumi, ko risina ar asu simetriju.",Construction problems solved using reflections.,,,
3,13,3,3,0,InequalitiesAndExtremesWithSymmetry,Nevienādības un ekstrēmi,Inequalities and extremes via symmetry,Nevienādību pierādīšana un ekstrēmu atrašana ar atspoguļojumiem.,Proving inequalities and finding extremes using reflections.,,,
3,13,3,4,0,CompositionsOfSymmetries,Simetrijas kompozīcijas,Compositions of symmetries,Simetriju kompozīcijas (kas dod pagriezienus un pārneses).,Compositions of reflections (giving rotations and translations).,,,
3,13,3,5,0,SymmetryAxesProperties,Simetrijas un simetrijas asu īpašības,Properties of symmetries and symmetry axes,Simetriju un figūru simetrijas asu īpašības.,Properties of symmetries and of the symmetry axes of figures.,,,
3,13,4,0,0,Rotation,Pagrieziens,Rotation,Pagriezieni ap punktu un to izmantošana uzdevumu risināšanā.,Rotations about a point and their use in solving problems.,,,
3,13,4,1,0,RotationBy90,Pagrieziens par $90^{\circ}$,Rotation by 90 degrees,"Pagriezieni par $90^{\circ}$, tsk. koordinātu ģeometrijā vai uzdevumos par rūtiņu papīru.","Rotations by $90^{\circ}$, incl. in coordinate geometry and problems on grid paper.",,,
3,13,4,2,0,RotationBy60,Pagrieziens par $60^{\circ}$,Rotation by 60 degrees,"Pagriezieni par $60^{\circ}$, tsk. konfigurācijās ar vienādmalu trijstūriem.","Rotations by $60^{\circ}$, incl. in configurations with equilateral triangles.",,,
3,13,4,3,0,RotationByAnyAngle,Pagriezieni par patvaļīgiem leņķiem,Rotations by arbitrary angles,Pagriezieni par patvaļīgiem leņķiem.,Rotations by arbitrary angles.,,,
3,13,4,4,0,CompositionsOfRotations,Pagriezienu kompozīcijas,Compositions of rotations,Pagriezienu kompozīcijas un to nekustīgie punkti.,Compositions of rotations and their fixed points.,,,
3,13,5,0,0,HomothetyAndDilation,Homotētija un pagrieziena homotētija,Homothety and spiral similarity,"Homotētija un pagrieziena homotētija un to izmantošana uzdevumu risināšanā, tsk. ģeometrisko vietu uzdevumos.","Homothety (central dilation) and spiral similarity, and their use in solving problems, incl. locus problems.",,Locus,Apvienots ar bijušo Homothety (3.8.5).
3,13,5,1,0,HomotheticPolygons,Homotētiski daudzstūri,Homothetic polygons,Homotētiski daudzstūri un to īpašības.,Homothetic polygons and their properties.,,,
3,13,5,2,0,HomotheticCircles,Homotētiskas riņķa līnijas,Homothetic circles,Divu riņķa līniju homotētijas centri un homotētiskas riņķa līnijas.,Homothety centers of two circles and homothetic circles.,,,
3,13,5,3,0,HomothetyCompositions,Homotētiju kompozīcijas,Compositions of homotheties,Homotētiju kompozīcijas (teorēma par trim homotētijas centriem).,Compositions of homotheties (the three-centers theorem).,,,
3,13,5,4,0,HomothetyWithRotation,Pagrieziena homotētija,Spiral similarity,Pagrieziena homotētija (pagrieziena un homotētijas kompozīcija).,Spiral similarity (rotation combined with dilation).,,,
3,13,5,5,0,HomothetyWithRotationCenter,Pagrieziena homotētijas centrs,Center of a spiral similarity,Pagrieziena homotētijas centra atrašana.,Finding the center of a spiral similarity.,,,
3,13,5,6,0,ComposingHomothetiesWithRotation,Pagrieziena homotētiju kompozīcija,Compositions of spiral similarities,Pagrieziena homotētiju kompozīcijas.,Compositions of spiral similarities.,,,
3,13,6,0,0,Inversion,Inversija,Inversion,Inversija pret riņķa līniju un tās izmantošana uzdevumu risināšanā.,Inversion in a circle and its use in solving problems.,,,
3,13,6,1,0,InversionProperties,Inversijas īpašības,Properties of inversion,Taišņu un riņķa līniju attēli inversijā; pieskaršanās un leņķu saglabāšanās.,The images of lines and circles under inversion; preservation of tangency and angles.,,,
3,13,6,2,0,ConstructingCompassOnly,Konstrukcijas tikai ar cirkuļa palīdzību,Compass-only constructions via inversion,"Konstrukcijas tikai ar cirkuli, ko pamato ar inversijas palīdzību.",Compass-only constructions justified with the help of inversion.,,,
3,13,6,3,0,PointAndCircleIncidence,Punktu un riņķa līniju incidence,Incidence of points and circles,"Punkti, kas atrodas uz vienas riņķa līnijas, un riņķa līnijas, kas iet caur vienu punktu",Points lying on one circle and circles passing through one point.,,,
3,13,6,4,0,ChainsOfCircles,Riņķa līniju ķēdes,Chains of circles,"Pieskarošos riņķa līniju ķēdes (Šteinera ķēdes, arbelosa konfigurācijas), ko pēta ar inversiju.","Chains of tangent circles (Steiner chains, arbelos configurations) studied with inversion.",,,
3,13,6,5,0,InversionOtherApplications,Citi inversijas lietojumi,Other applications of inversion,Citi inversijas lietojumi.,Other applications of inversion.,,,
3,13,7,0,0,AffineTransformations,Afīnie pārveidojumi,Affine transformations,"Afīnie pārveidojumi, ieskaitot plaknes paralēlās projekcijas","Affine transformations, including parallel projections of the plane.",,,
3,13,8,0,0,ProjectiveTransformations,Projektīvās transformācijas,Projective transformations,Centrālās projekcijas,Central projections (projective transformations).,,,
3,13,8,1,0,ProjectingLine,Taisnes projektīvās transformācijas,Projective transformations of a line,Taisnes projektīvie pārveidojumi.,Projective transformations of a line.,,,
3,13,8,2,0,ProjectingPlane,Plaknes projektīvās transformācijas,Projective transformations of the plane,Plaknes projektīvie pārveidojumi.,Projective transformations of the plane.,,,
3,13,8,3,0,ProjectingLineToInfinity,Pārveidosim doto taisni uz bezgalību,Sending a line to infinity,"Projektīva pārveidojuma lietošana, kas izvēlēto taisni pārved bezgalīgi tālajā taisnē.",Applying a projective transformation that sends a chosen line to the line at infinity.,,,
3,13,8,4,0,ProjectionsPreservingCircle,"Projekcijas, kas saglabā riņķa līniju",Projective maps preserving a circle,"Projektīvo pārveidojumu pielietošana, kas saglabā riņķa līniju",Applying projective transformations that map a given circle to itself or to another circle.,,,
3,13,8,5,0,ProjectingLineInConstructions,Taisnes projektīvie pārveidojumi konstrukcijās,Projective transformations of a line in constructions,Taisnes projektīvie pārveidojumi konstrukcijas uzdevumos.,Projective transformations of a line in construction problems.,,,
3,13,8,6,0,RulerOnlyImpossibleConstructions,Konstrukcijas neiespējamība tikai ar lineāla palīdzību,Impossibility of straightedge-only constructions,"Pierādījumi, ka noteiktas konstrukcijas nav iespējamas tikai ar lineālu (izmantojot projektīvo invarianci).",Proving that certain constructions are impossible with a straightedge alone (via projective invariance).,,,
3,13,9,0,0,ConstructionsSmallMovements,Mazi ģeometriski pārvietojumi,Small geometric movements,"Izdarīt spriedumus, kuros ir ""ļoti mazi"" ģeometriski pārvietojumi","Arguments involving ""very small"" geometric displacements (continuity/perturbation arguments).",,,
3,14,0,0,0,SystemsGeometricObjects,Ģeometrisku objektu sistēmas,Systems of geometric objects,"Punktu, nogriežņu un citu ģeometrisku objektu sistēmas. Doti n punkti, jāpierāda kādas to īpašības. Jānoskaidro, vai kaut kas ir iespējams.","Systems of points, segments and other geometric objects. Given $n$ points, prove some of their properties; determine whether something is possible.",,,
3,14,1,0,0,LayoutOfPointSystems,Punktu sistēmu ģeometriskais novietojums,Geometric layout of point systems,"Galīgu punktu sistēmu savstarpējais novietojums plaknē (izliekts novietojums, kolinearitāte, attālumi).","The mutual position of finite point systems in the plane (convex position, collinearity, distances).",,,
3,14,2,0,0,LayoutOfSegmentsLinesCircles,"Nogriežņu, taišņu un riņķa līniju izvietojums","Layout of segments, lines and circles","Nogriežņu, taišņu un riņķa līniju sistēmu savstarpējais novietojums.","The mutual position of systems of segments, lines and circles.",,,
3,14,3,0,0,CountingPointsSegmentsAndOthers,"Punktu, nogriežņu un citu ģeometrisku objektu skaits","Counting points, segments and other objects","Punktu, nogriežņu, krustpunktu, apgabalu un citu ģeometrisku objektu skaitīšana.","Counting points, segments, intersection points, regions and other geometric objects.",,,
3,15,0,0,0,CuttingCoversColoring,"Griezumi, pārklājumi, krāsojumi","Cuttings, coverings, colourings","Uzdevumi, kuros jāsagriež daudzstūri speciāla veida daļās un tad no tām jāsaliek prasītā figūra. Uzdevumi, kuros jāpierāda, ka nevar sagriezt daudzstūri prasītā veida daļās. Uzdevumi, kuros jāpēta sagriežot iegūto daļu īpašības. Uzdevumi, kuros jānoskaidro, vai ir iespējams sagriezt daudzstūri prasītā veida daļās. Daļas var būt trijstūri, paralelogrami, rombi, trapeces. Jāsaliek var būt taisnstūris, cits daudzstūris. Uzdevumi, kuros jāpārklāj ģeometriska figūra ar citām. Te var būt nogriežņi, trijstūri, daudzstūri, riņķi. Uzdevumi par daudzstūru novietojumu plaknē tā lai tie nepārklājas. Uzdevumi par daudzstūru sagiešans rezultātā iegūto daļu  krāsošanu un par plaknes krāsojumu īpašībām.","Problems on cutting polygons into parts of a special kind and assembling a required figure from them, proving that a polygon cannot be cut into parts of a required kind, or studying the properties of the parts. The parts may be triangles, parallelograms, rhombi, trapezoids; the target may be a rectangle or another polygon. Problems on covering a geometric figure with others (segments, triangles, polygons, discs). Problems on placing polygons in the plane without overlaps. Problems on colouring the parts obtained by cutting, and on properties of colourings of the plane.",,,
3,15,1,0,0,CuttingPlaneWithLines,Kā taisnes sadala plakni,How lines divide the plane,"Uzdevumi par taišņu izvietojumiem plaknē, apgabaliem, kuri rodas pēc taišņu novilkšanas.",Problems about arrangements of lines in the plane and the regions they create.,,,
3,15,2,0,0,CuttingInParallelograms,Sadalīšana paralelogramos.,Cutting into parallelograms,Figūru pārklāšana ar paralelogramiem vai rombiem.,Covering or tiling figures with parallelograms or rhombi.,,,
3,15,3,0,0,CuttingShapesSpecial,Sadalīšana daļās ar speciālām īpašībām.,Cutting into parts with special properties,Figūru sagriešana daļās ar speciālām īpašībām.,Cutting figures into parts with special properties.,,,
3,15,4,0,0,CoverProblems,Figūru pārklāšanas uzdevumi,Covering problems,Uzdevumi par figūru pārklāšanu ar citām figūrām.,Problems on covering figures with other figures.,,,
3,15,5,0,0,ColoringProblems,Uzdevumi par krāsojumiem,Colouring problems,"Uzdevumi par figūru, flīzējumu vai visas plaknes krāsojumiem.","Problems about colourings of figures, tilings or the whole plane.",,,
3,15,6,0,0,RamseyTheoryGeometry,Ramseja teorija ģeometrijā,Ramsey theory in geometry,Ramseja tipa apgalvojumi ģeometrijā: vienkrāsainas konfigurācijas krāsotās punktu kopās vai plaknē.,Ramsey-type statements in geometry: monochromatic configurations in coloured point sets or planes.,,,
3,15,6,1,0,RamseyAndPointDistances,Attālumu realizācija plaknē,Realising distances in the plane,Noteiktu attālumu realizācija krāsotā plaknē (plaknes hromatiskā skaitļa tipa uzdevumi).,Realising prescribed distances in coloured planes (chromatic number of the plane type problems).,,,
3,15,6,2,0,RamseyAndIntegerDistances,Attālumu realizācija veselo skaitļu kopā,Realising distances in integer sets,Noteiktu attālumu realizācija veselu skaitļu vai režģa punktu kopās.,Realising prescribed distances within sets of integers or lattice points.,,,
3,15,6,3,0,RamseyConfigurationsOther,Sarežģītāku konfigurāciju piemēri,More complex Ramsey configurations,Sarežģītāku Ramseja tipa konfigurāciju piemēri.,Examples of more complex Ramsey-type configurations.,,,
3,16,0,0,0,IntegerLattices,Veselie režģi,Integer lattices,"Uzdevumi, kuros tiek lietotas rūtiņu režģa virsotnes vai pieminētas veselas koordinātas. Citi uzdevumi plaknē, kas sadalīta bezgalīgi daudzos regulāros trijstūrīšos, kvadrātiņos vai sešstūrīšos.","Problems using the vertices of a grid or mentioning integer coordinates. Other problems in a plane divided into infinitely many congruent triangles, squares or hexagons.",,Lattices,
3,16,1,0,0,PolygonsInLattices,Daudzstūri ar virsotnēm režģa mezglos,Polygons with lattice vertices,"Daudzstūri ar veselu skaitļu koordinātēm. To piemēri, izliektības īpašības, laukums ar Pīka formulu.","Polygons with integer coordinates: examples, convexity properties, area via Pick's formula.",,,
3,16,2,0,0,SquareGrid,Dažādi uzdevumi rūtiņu lapā,Problems on grid paper,Izmantot rūtiņu laukuma īpašības,Using the properties of the square grid.,,,
3,16,2,1,0,SquareGridShapes,Figūras rūtiņu plaknē,Figures on the square grid,Veidot figūriņas pa rūtiņu līnijām,Building figures along the lines of the square grid (polyominoes etc.).,,,
3,16,2,2,0,SquareGridCutting,Sagriešana un pārklāšana rūtiņu laukumā,Cutting and covering on the square grid,Risināt rūtiņu laukumu sagriešanas uzdevumus,Solving cutting and covering problems on grid boards.,,,
3,17,0,0,0,SolidGeometry,Stereometrija,Solid geometry,"Telpiskas figūras: taišņu un plakņu savstarpējais novietojums, daudzskaldņi un to šķēlumi ar plakni, prizmu, piramīdu, cilindru, konusu un lodes virsmas laukumi un tilpumi.","Spatial figures: mutual position of lines and planes, polyhedra and their plane sections, surface areas and volumes of prisms, pyramids, cylinders, cones and spheres.",M.O.6.3.1.; M.O.6.3.4.; M.O.6.3.5.,Vectors; CoordinateMethod,Jauna rinda (2026): skolas standartkursa saturs.
4,0,0,0,0,NumTheory,Skaitļu teorija,Number theory,Visi uzdevumi par skaitļu teoriju,All problems in number theory.,,,
4,1,0,0,0,Divisibility,Skaitļu dalāmība,Divisibility of numbers,"Uzdevumi par dalāmības attiecību, saliktu skaitļu un pirmskaitļu pazīšana. Uzdevumi par LKD un MKD; fiksēta skaitļa visu dalītāju režģis. Skaitļa visu dalītāju skaita un summas formulas.","Problems about the divisibility relation, recognising composite numbers and primes. Problems about GCD and LCM; the lattice of all divisors of a fixed number. Formulas for the number and the sum of the divisors of a number.",,,
4,1,1,0,0,DivisibilityRules,Dalāmības pazīmes,Divisibility rules,"Dalāmības pazīmes, kas pārbauda dalāmību vai kongruences, izmantojot skaitļa decimālpierakstu",Divisibility rules that test divisibility or congruences using the decimal representation of a number.,,,
4,1,1,1,0,DivisibilityRulesLastDigits,Dalāmības pazīmes ar 2 un 5 reizinājumiem,Divisibility rules using the last digits,"Dalāmības pazīmes, kurās pietiek aplūkot dažus pēdējos ciparus",Divisibility rules for which it suffices to inspect a few last digits.,,,
4,1,1,1,1,DivisibilityRulesFor2And4,"Dalāmības pazīmes ar 2, 4, 8","Divisibility rules for 2, 4, 8","Skaitlis dalās ar $2^k$ tad un tikai tad, ja pēdējie $k$ cipari dalās ar $2^k$",A number is divisible by $2^k$ iff its last $k$ digits are divisible by $2^k$.,,,
4,1,1,1,2,DivisibilityRulesFor5And25,"Dalāmības pazīmes ar 5, 25 utt.","Divisibility rules for 5, 25, etc.","Skaitlis dalās ar $5^k$ tad un tikai tad, ja pēdējie $k$ cipari dalās ar $5^k$",A number is divisible by $5^k$ iff its last $k$ digits are divisible by $5^k$.,,,
4,1,1,2,0,DivisibilityRulesFor3And9,Dalāmības pazīmes ar 3 un 9,Divisibility rules for 3 and 9,Dalāmības pazīmes ar $3$ un $9$,The digit-sum divisibility rules for $3$ and $9$.,,,
4,1,1,3,0,DivisibilityRuleFor11,Dalāmības pazīme ar 11,Divisibility rule for 11,"Skaitlis dalās ar $11$ tad un tikai tad, ja ciparu summa pāru pozīcijās mīnus ciparu summa nepāru pozīcijās dalās ar 11",A number is divisible by $11$ iff the alternating sum of its digits is divisible by 11.,,,
4,1,1,4,0,DivisibilityRulesOther,Citas dalāmības pazīmes,Other divisibility rules,Dalāmības pazīmes ar citiem skaitļiem,Divisibility rules for other numbers.,,,
4,1,1,5,0,DivisibilityRulesForRemainders,Vispārinātas dalāmības pazīmes skaitļu atlikumiem,Generalised divisibility rules for remainders,"Dalāmības pazīmju vispārinājumi, kas ļauj noskaidrot atlikumus. Piemēram, katrs naturāls $n$ ir kongruents ar savu ciparu summu $S(n)$ pēc 9 moduļa","Generalisations of divisibility rules that determine remainders, e.g. every natural $n$ is congruent to its digit sum $S(n)$ modulo 9.",,,
4,1,2,0,0,DivisibilityProperties,Dalāmības īpašības,Properties of divisibility,Veselu skaitļu dalāmības attiecības īpašības,Properties of the divisibility relation on integers.,,,
4,1,3,0,0,GcdAndLcm,LKD un MKD,GCD and LCM,Lielākais kopīgais dalītājs un mazākais kopīgais dalāmais,The greatest common divisor and the least common multiple.,,,
4,1,3,1,0,MutualPrimes,Savstarpēji pirmskaitļi,Coprime numbers,"Vienkārši secinājumi par savstarpējiem pirmskaitļiem; sakarība $\gcd(n,n+1)=1$. Skaitlis dalās ar savstarpējiem pirmskaitļiem t.t.t. ja tas dalās ar šo skaitļu reizinājumu.","Simple conclusions about coprime numbers; the relation $\gcd(n,n+1)=1$. A number is divisible by several pairwise coprime numbers iff it is divisible by their product.",,,
4,1,3,2,0,GcdAndLcmProperties,LKD un MKD īpašības,Properties of GCD and LCM,Formulas un sakarības ar LKD un MKD,Formulas and relations involving GCD and LCM.,,,
4,1,3,3,0,BezoutIdentity,Bezū identitāte,Bézout's identity,Vienādojuma $ax+by=d$ atrisināmība veselos skaitļos. Norēķini ar 2 veidu monētām.,Solvability of $ax+by=d$ in integers. Payments with coins of two denominations.,,,
4,1,3,3,1,ArithmeticSeriesDivisibility,Aritmētiskas progresijas dalāmība,Divisibility in an arithmetic progression,Aritmētiskas progresijas locekļu dalāmība. Visi skaitļa daudzkārtņi veido aritmētisku progresiju.,Divisibility of the terms of an arithmetic progression. All multiples of a number form an arithmetic progression.,,,
4,1,3,3,2,ArithmeticSeriesGaps,Daudzkārtņu atstarpes aritmētiskā progresijā,Gaps between multiples in an arithmetic progression,"Secināt, ka katrs $p$-tais aritmētiskas progresijas loceklis dalās ar $p$, ja $\mbox{LKD}(d,p)=1$","Concluding that every $p$-th term of an arithmetic progression is divisible by $p$, provided $\gcd(d,p)=1$.",,,
4,1,3,3,3,ArithmeticSeriesAll,Aritmētiskas progresijas atlikumi,Remainders of an arithmetic progression,"Secināt, ka aritmētiska progresija pieņem visus atlikumus, dalot ar $p$, ja $\mbox{LKD}(d,p)=1$","Concluding that an arithmetic progression attains all remainders modulo $p$, provided $\gcd(d,p)=1$.",,,
4,1,3,4,0,PythagoreanTriples,Pitagora trijnieki,Pythagorean triples,Vienādojuma $a^2+b^2=c^2$ bezgalīgi daudzie veselie atrisinājumi,The infinitely many integer solutions of $a^2+b^2=c^2$.,,PythagorasTheorem,
4,1,4,0,0,EuclideanAlgorithm,Eiklīda algoritms,Euclidean algorithm,"Eiklīda algoritms $\gcd(a,b)=d$ atrašanai kā atrisinājuma sastāvdaļa; tsk. paplašinātais algoritms Bezū identitātei $ax+by=d$","The Euclidean algorithm for finding $\gcd(a,b)=d$ as part of a solution; incl. the extended algorithm for Bézout's identity $ax+by=d$.",,,
4,1,5,0,0,MultiplesInInterval,Daudzkārtņu skaits intervālā,Number of multiples in an interval,Skaitļa $n$ daudzkārtņu skaits intervālā; arī aritmētiskas progresijas locekļu skaits kādā intervālā,The number of multiples of $n$ in an interval; also the number of terms of an arithmetic progression in an interval.,,,
4,2,0,0,0,IntegerFactorization,Skaitļa pirmreizinātāji,Prime factorisation,"Aritmētikas pamatteorēma par dalījumu pirmreizinātājos. Uzdevumi, kas pārbauda dalāmību, tās vietā pārbaudot dalāmību ar visu pirmreizinātāju pakāpēm. Valuācija kā augstākā pirmskaitļa pakāpe, ar ko var izdalīt doto skaitli.",The fundamental theorem of arithmetic on factorisation into primes. Problems that test divisibility by testing divisibility by prime powers instead. Valuation as the largest power of a prime dividing a given number.,,,
4,2,1,0,0,CanonicalFactorization,Naturāla skaitļa kanoniskais sadalījums pirmreizinātājos,Canonical prime factorisation,"Aritmētikas pamatteorēma: Skaitļa $n$ sadalījums pirmreizinātājos $n=p_1^{k_1}p_2^{k_2}\ldots p_n^{k_n}$ ir viens vienīgs, katram pirmskaitlim $p_i$ šajā sadalījumā ir noteikta pakāpe $k_i$.",The fundamental theorem of arithmetic: the factorisation $n=p_1^{k_1}p_2^{k_2}\ldots p_m^{k_m}$ is unique; every prime $p_i$ has a well-defined exponent $k_i$.,,,
4,2,2,0,0,FactorInMutualPrimes,Naturālas pakāpes sadalījums savstarpēju pirmskaitļu reizinājumā,Factoring a power into coprime factors,"Aritmētikas pamatteorēmas izmantojums strukturālas indukcijas pierādījumos vai citās situācijās, kur skaitli $n$ izsaka kā dažādu pirmskaitļu pakāpju reizina'jumu.",Using the fundamental theorem of arithmetic in structural induction proofs and other situations where $n$ is written as a product of powers of distinct primes.,,,
4,2,3,0,0,DivisorNumberAndSum,Naturāla skaitļa dalītāju skaita un summas formulas,Number and sum of divisors,"Formulas naturāla skaitļa pozitīvo dalītāju skaita, summas vai citu pakāpju summas atrašanai.","Formulas for the number of positive divisors of a natural number, their sum, or sums of their powers.",,,
4,2,4,0,0,FactorizationAndDivisibility,Dalāmība no sadalījuma pirmreizinātājos,Divisibility from the prime factorisation,"Pārbaudīt dalāmību un izveidot visu pozitīvo dalītāju režģi, zinot skaitļa sadalījumu pirmreizinātājos",Testing divisibility and building the lattice of all positive divisors from the prime factorisation.,,,
4,2,5,0,0,Primes,Pirmskaitļi,Primes,Dažādu ar pirmskaitļiem saistītu apgalvojumu izmantošana skaitļu teorijas uzdevumos.,Using various statements about prime numbers in number theory problems.,,,
4,2,5,1,0,PrimesInfinityProof,Pirmskaitļu kopas bezgalība,Infinitude of primes,"Uzdevumi par pirmskaitļu kopas bezgalību, iteratīvu pirmskaitļu iegūšanu",Problems about the infinitude of the set of primes and iterative generation of primes.,,,
4,2,5,2,0,PrimesDistribution,Pirmskaitļu sadalījums,Distribution of primes,Eratostēna režģis un apgalvojumi par pirmskaitļu izvietojumu un atstarpēm,The sieve of Eratosthenes and statements about the placement of and gaps between primes.,,,
4,2,5,3,0,PrimalityTests,Pirmskaitļu pārbaudes,Primality tests,"Algoritmi un sakarības, kas parāda, ka skaitlis ir vai nav pirmskaitlis",Algorithms and relations showing that a number is or is not prime.,,,
4,2,5,4,0,EuclideanLemma,Eiklīda lemma,Euclid's lemma,"Ja $p$ dala $ab$, tad $p$ dala $a$ vai arī $p$ dala $b$","If $p$ divides $ab$, then $p$ divides $a$ or $p$ divides $b$.",,,
4,2,6,0,0,FactorizationAndProperties,Faktorizācija un skaitļu īpašības,Factorisation and properties of numbers,Skaitļa īpašības atkarībā no tā sadalījuma pirmreizinātājos,Properties of a number determined by its prime factorisation.,,,
4,2,6,1,0,PrimeFactorizationAndPowers,Pilnu pakāpju noteikšana,Recognising perfect powers,"Pazīt pilnas pakāpes pēc tā, ka pirmreizinātāju kāpinātāji dalās ar to pašu skaitli",Recognising perfect powers by the fact that all exponents in the prime factorisation are divisible by the same number.,,,
4,2,6,2,0,SystemOfEqualExponents,Pakāpju pielīdzināšana,Equating exponents,"Pārveidot veselu skaitļu vienādojumu par sistēmu, pielīdzinot pirmskaitļu kāpinātājus.",Transforming an integer equation into a system by equating the exponents of primes.,,,
4,3,0,0,0,NumeralSystems,Skaitīšanas sistēmas,Numeral systems,"Veselu skaitļu decimālpieraksts un ciparu manipulācijas tajā; ieskaitot spēles ar skaitļa cipariem. Dalāmības pazīmes. Skaitļa pieraksts binārajā un dažās citās pozicionālajās sistēmās. Neparasti skaitļu kodējumi (ar Fibonači skaitļiem, ar ""negatīviem cipariem"" utt.). Decimāldaļas, periodisku daļskaitļu izteikšana ar bezgalīgas ģeometriskas progresijas summu. Neperiodiskas decimāldaļas un iracionāli skaitļi.","The decimal notation of integers and digit manipulations in it, incl. games with the digits of a number. Divisibility rules. Binary and other positional systems. Unusual encodings of numbers (with Fibonacci numbers, with ""negative digits"", etc.). Decimal fractions, expressing periodic decimals as sums of infinite geometric progressions. Non-periodic decimals and irrational numbers.",,,
4,3,1,0,0,DecimalNotation,Decimālā skaitīšanas sistēma,Decimal notation,Decimālpieraksta izmantošana skaitļu teorijas uzdevumos,Using decimal notation in number theory problems.,,,
4,3,1,1,0,DecimalNotationDigits,Ciparu skaits,Number of digits,"Skaitļu salīdzinājums pēc garuma, ciparu skaits darbību rezultātos",Comparing numbers by their length; the number of digits in results of operations.,,,
4,3,1,2,0,DigitsInOperationResult,Ciparu skaita novērtējums divu skaitļu summā vai reizinājumā,Number of digits in a sum or product,Novērtēt ciparu skaitu divu vai vairāku skaitļu summā,Estimating the number of digits in a sum or product of two or more numbers.,,,
4,3,1,3,0,PeriodicDigitGroups,Periodiskas ciparu grupas,Periodic digit groups,Periodisku ciparu grupu izteikšana ar ģeometriskas progresijas summu,Expressing periodic digit groups as sums of geometric progressions.,,,
4,3,1,4,0,DecimalFractions,Decimāldaļskaitļi,Decimal fractions,Skaitļa pieraksts ar galīgu vai bezgalīgu decimāldaļu,Writing a number as a finite or infinite decimal fraction.,,,
4,3,1,4,1,RationalNumbersAsDecimal,Racionālu skaitļu decimālpieraksts,Decimal representation of rational numbers,"Nosacījumi, kad racionāla daļa ir galīga, bezgalīga periodiska un bezgalīgi periodiska ar priekšperiodu","Conditions under which a rational fraction is finite, purely periodic, or eventually periodic with a pre-period.",,,
4,3,1,4,2,ComputingPeriodicFractions,Periodisku daļu aprēķināšana,Computing periodic fractions,"Periodisku daļskaitļu perioda garums, skaitlisks novērtējums ar bezgalīgu ģeometrisku progresiju",The period length of periodic fractions; numerical evaluation via infinite geometric progressions.,,,
4,3,1,4,3,IrrationalNumbersAsDecimal,Neperiodiskas decimāldaļas,Non-periodic decimal fractions,Spriedumi par iracionāliem skaitļiem decimālpierakstā,Arguments about irrational numbers via their decimal representation.,,,
4,3,2,0,0,BinaryNotation,Binārā skaitīšanas sistēma,Binary notation,"Skaitļu teorijas uzdevumi, kuros izmanto bināro jeb divnieku skaitīšanas sistēmu (pozicionālo sistēmu ar bāzi 2).",Number theory problems using the binary (base 2) positional system.,,,
4,3,3,0,0,OtherNumeralSystems,Citas skaitīšanas sistēmas,Other numeral systems,"Pozicionālās skaitīšanas sistēmas, kuru bāze nav 10 vai 2.",Positional numeral systems with a base other than 10 or 2.,,,
4,3,4,0,0,NotationManipulate,Skaitļa ciparu pārveidojumi,Manipulating the digits of a number,"Saprast, kā mainās skaitlis, ja tajā pārvieto vai iesprauž ciparus",Understanding how a number changes when its digits are moved or inserted.,,,
4,3,4,1,0,NotationPolynomial,Decimālpieraksts kā polinoms,Decimal notation as a polynomial,"Izteikt skaitli ar decimālpieraksta cipariem, reizinot ar $10^k$",Expressing a number through its decimal digits multiplied by powers $10^k$.,,,
4,3,4,2,0,NotationFragments,Izteikšana ar cipariem,Expressing a number through digit blocks,"Izteikt skaitli gan ar cipariem, gan garākiem gabaliem",Expressing a number through both single digits and longer digit blocks.,,,
4,3,4,3,0,NotationShift,Izteikšana divos gabalos,Expressing a number in two blocks,"Izteikt garu skaitli divos gabalos, piereizinot vienu no tiem ar $10^k$","Expressing a long number as two blocks, multiplying one of them by $10^k$.",,,
4,3,4,4,0,NotationInsert,Jaunu ciparu iespraušana,Inserting new digits,"Veidot jaunus piemērus, iespraužot skaitļa decimālpierakstā jaunus ciparus.",Building new examples by inserting new digits into the decimal representation of a number.,,,
4,3,5,0,0,NumericAlgorithms,Algoritmi veselu skaitļu darbībām,Algorithms for integer operations,"Saskaitīšana, atņemšana, reizināšana, dalīšana stabiņā; ātrākas speciālas metodes, piemēram, skaitļu, kas beidzas ar 5, kāpināšanai kvadrātā","Column addition, subtraction, multiplication, division; faster special methods, e.g. squaring numbers ending in 5.",,,
4,4,0,0,0,IntegerCongruence,Kongruence pēc moduļa,Congruence modulo an integer,"Modulārā aritmētika - saskaitīšana, atņemšana, reizināšana un kāpināšana pēc moduļa. Skaitļa multiplikatīvi inversais pēc dotā moduļa. Pazīstamas teorēmas par kongruencēm - M.Fermā teorēma, Eilera teorēma, Vilsona teorēma.","Modular arithmetic — addition, subtraction, multiplication and exponentiation modulo a number. The multiplicative inverse modulo a given number. Well-known theorems about congruences — Fermat's little theorem, Euler's theorem, Wilson's theorem.",,,
4,4,1,0,0,CongruenceClasses,Kongruences klases pēc fiksēta moduļa,Congruence classes modulo a fixed number,"Kongruenču klases, ieviešot fiksēta skaitļa moduli.",Congruence classes obtained by introducing a fixed modulus.,,,
4,4,2,0,0,ModularArithmetic,Aprēķini pēc moduļa,Computations modulo a number,"Aritmētiskas darbības (saskaitīšana, atņemšana, kāpināšana) ar kongruenču klasēm jeb atlikumiem pēc moduļa.","Arithmetic operations (addition, subtraction, exponentiation) with congruence classes, i.e. remainders modulo a number.",,,
4,4,2,1,0,ModularParity,Aprēķini pēc moduļa 2,Computations modulo 2,Paritātes izmantošana skaitļu teorijas piemēros,Using parity in number theory problems.,,,
4,4,2,2,0,ModularArithmeticLastDigit,Aprēķini pēc pēdējā cipara,Computations with the last digit,"Modulārā aritmētika pēc 10 vai 100 moduļa, izmantojot decimālpieraksta pēdējos ciparus.","Modular arithmetic modulo 10 or 100, using the last digits of the decimal representation.",,,
4,4,2,3,0,ModularArithmeticOther,Aprēķini pēc citiem moduļiem,Computations with other moduli,Cita modulārā aritmētika tsk. pēc mainīga moduļa.,"Other modular arithmetic, incl. with a variable modulus.",,,
4,4,3,0,0,PeriodicRemainders,Periodiskas atlikumu virknes,Periodic remainder sequences,Atlikumu virņu periodiskums,Periodicity of sequences of remainders.,,,
4,4,4,0,0,LittleFermatAndEuler,Mazā Fermā un Eilera teorēmas,Fermat's little theorem and Euler's theorem,Mazā Fermā un Eilera teorēmas,Fermat's little theorem and Euler's theorem.,,,
4,4,5,0,0,SelectingModule,Moduļa izvēle,Choosing the modulus,Piemērota moduļa izvēle uzdevumos.,Choosing a suitable modulus in problems.,,,
4,4,5,1,0,ModularArithmeticContradiction,Pretrunas modulis,Modulus of contradiction,"Pretrunas modulis - veselu skaitļu vienādojuma aplūkošana pēc konkrēta skaitļa moduļa tā, lai iegūtu pretrunu.",Considering an integer equation modulo a specific number so as to obtain a contradiction.,,,
4,4,5,2,0,PrimeModules,Pirmskaitļi,Prime moduli,Pirmskaitļu moduļa izvēlēšanās atrisinājumā.,Choosing a prime modulus in the solution.,,,
4,4,5,3,0,OtherModules,Dažādu moduļu izmantošana,Using various moduli,Dažādu nepirmskaitļu moduļu izvēlēšanās atrisinājumā.,Choosing various composite moduli in the solution.,,,
4,4,6,0,0,CongruenceEquationsLinear,Lineāri kongruenču vienādojumi,Linear congruence equations,"Lineāri kongruenču vienādojumi, risināšana, piemēram, ar inversajiem elementiem","Linear congruence equations, solved e.g. with inverse elements.",,,
4,4,7,0,0,ChineseRemainderTheorem,Ķīniešu atlikumu teorēma,Chinese remainder theorem,"Lineāru kongruenču risināšana, atrodot atlikumus pēc vairākiem savstarpējiem pirmskaitļiem.",Solving linear congruences by finding remainders modulo several pairwise coprime numbers.,,,
4,5,0,0,0,NumTheoryTransformations,Pārveidojumi skaitļu teorijā,Transformations in number theory,"Veselo skaitļu aritmētikas uzdevumi, kuru risinājumā būtiski izmantoti algebriski pārveidojumi, sadalīšana reizinātājos un citas algebriskas identitātes, mainīgo aizvietošana. Algebrisku pārveidojumu aplūkošana kopsakarā ar dalāmības apsvērumiem.","Integer arithmetic problems whose solution makes essential use of algebraic transformations, factoring and other algebraic identities, and variable substitution. Considering algebraic transformations together with divisibility.",,,
4,5,1,0,0,NumTheoryFactorizations,Sadalīšana reizinātājos,Factoring,Dalīšana reizinātājos kā veselu skaitļu vienādojumu (un skaitļu teorijas uzdevumu) risināšanas metode.,Factoring as a method for solving integer equations and other number theory problems.,,,
4,5,2,0,0,NumTheoryEqualityToConstant,Vienādojuma pārveidošana formā $fg = c$,Transforming an equation into $fg = c$,"Vienādojumu risināšana, to pārveidojot par reizinājumu $fg=c$.",Solving equations by rewriting them as a product $fg=c$.,,,
4,5,3,0,0,NumTheoryEqualityToPower,Vienādojuma pārveidošana formā $fg = u^m$,Transforming an equation into $fg = u^m$,"Vienādojumu risināšana, to pārveidot par reizinājumu $fg = u^m$ - piemēram par pirmskaitļa pakāpi.","Solving equations by rewriting them as a product $fg = u^m$, e.g. a prime power.",,,
4,5,4,0,0,NumTheoryIdentities,Identitāšu izmantošana,Using identities,Algebrisku identitāšu izmantošana skaitļu teorijas uzdevumu risināšanā,Using algebraic identities to solve number theory problems.,,,
4,5,5,0,0,GeometryForDiophantineEquations,Analītiskās ģeometrijas izmantošana Diofanta vienādojumu risināšanā,Analytic geometry for Diophantine equations,"Veselu skaitļu uzdevumu risināšana, izmantojot analītisko ģeometriju un figūru vienādojumus veselās koordinātēs.",Solving integer problems using analytic geometry and equations of figures in integer coordinates.,,,https://fs.unm.edu/JozsefSandor2.pdf
4,6,0,0,0,NumTheoryInequalityMethod,Nevienādības skaitļu teorijā,Inequalities in number theory,"Novērtējumi un nevienādības skaitļu teorijā, piemēram, lai samazinātu aplūkojamo gadījumu skaitu. Skaitļa kvalitatīvu īpašību izteikšana ar nevienādībām. Spriedumi par īsiem intervāliem un gariem intervāliem novērtējumos. Nevienādības no decimālpieraksta. Citi uzdevumi par novērtējumiem.","Estimates and inequalities in number theory, e.g. to reduce the number of cases considered. Expressing qualitative properties of numbers through inequalities. Arguments about short and long intervals in estimates. Inequalities from decimal notation. Other estimation problems.",,,
4,6,1,0,0,NumTheoryInequalitySideComparison,Vienādojuma abu pušu salīdzināšana pēc lieluma,Comparing the sizes of both sides,"Skaitļu teorijas vienādojumu un nevienādību analīze, salīdzinot abas puses",Analysing number-theoretic equations and inequalities by comparing the magnitudes of both sides.,,,
4,6,2,0,0,NumTheoryInequalitySmallIntervals,Mazie intervāli,Short intervals,"Salīdzinājumi, kuri izmanto veselo skaitļu skaita ierobežotību īsos intervālos.",Comparisons exploiting the bounded number of integers in short intervals (e.g. no integer strictly between $n$ and $n+1$; no perfect square strictly between $k^2$ and $(k+1)^2$).,,,
4,6,3,0,0,NumTheoryInequalityLargeIntervals,Lielie intervāli,Long intervals,"Salīdzinājumi, kuri saskaita veselos punktus garos intervālos.",Comparisons that count the integer points in long intervals.,,,
4,7,0,0,0,Valuation,Pirmskaitļa kārta jeb valuācija,Order of a prime (valuation),"Valuācijas jēdziens $\nu_p(n) = k$ fiksētam pirmskaitlim $p$: Atrod lielāko $k$, kuram $n$ dalās ar $p^k$",The valuation concept $\nu_p(n) = k$ for a fixed prime $p$: finding the largest $k$ for which $n$ is divisible by $p^k$.,,,
4,7,1,0,0,ValuationProperties,Pirmskaitļa kārtas īpašības,Properties of the valuation,"$\nu_p(a+b) = \min(\nu_p(a), \nu_p(b))$, ja valuācijas atšķiras un $\nu_p(a+b) \geq \nu_p(a)$, ja $\nu_p(a) = \nu_p(b)$.","$\nu_p(a+b) = \min(\nu_p(a), \nu_p(b))$ if the valuations differ, and $\nu_p(a+b) \geq \nu_p(a)$ if $\nu_p(a) = \nu_p(b)$.",,,
4,7,2,0,0,FactorizingPrimePower,Skaitļa pieraksts formā $p^k \cdot u$,Writing a number as $p^k \cdot u$,"Maksimālās kāda pirmskaitļa pakāpes atdalīšana no naturāla skaitļa tā, ka $p^k \cdot u$ izteiksmē $u$ nedalās ar $p$.","Extracting the maximal power of a prime from a natural number, so that in the expression $p^k \cdot u$ the factor $u$ is not divisible by $p$.",,,
4,7,3,0,0,ValuationChange,Pirmskaitļa kārtas izmaiņas,Changes of the valuation,Izmantot p-valuācijas funkcijas vērtību izmaiņas,Using the changes of the $p$-adic valuation function.,,,
4,7,4,0,0,LiftingTheExponent,Kāpinātāja pacelšanas lemmas,Lifting the exponent lemmas,"Valuācijas pakāpju starpībai $a^n - b^n$, ja $a - b$ dalās ar $p$",Valuations of differences of powers $a^n - b^n$ when $a - b$ is divisible by $p$.,,,
4,7,4,1,0,LiftingTheExponentOdd,Kāpinātāja pacelšana nepāra pirmskaitlim,Lifting the exponent for odd primes,Kāpinātāja pacelšanas lemma (Lifting the Exponent) nepāra pirmskaitlim.,The lifting-the-exponent lemma for an odd prime.,,,
4,7,4,2,0,LiftingTheExponentTwo,Kāpinātāja pacelšana pie $p=2$,Lifting the exponent for p=2,Kāpinātāja pacelšanas lemma (Lifting the Exponent) pirmskaitlim $p=2$.,The lifting-the-exponent lemma for the prime $p=2$.,,,
4,7,5,0,0,ValuationsForFactorials,Pirmskaitļa kārta garos reizinājumos,Valuations of long products,Pirmskaitļa kārta jeb valuācija garos reizinājumos - algebriski vai kombinatoriski iegūtās izteiksmēs.,The order of a prime (valuation) in long products — expressions obtained algebraically or combinatorially.,,,
4,7,5,1,0,LegendreFormulaFactorials,Ležandra formula,Legendre's formula,Ležandra formula: $\nu_p(n!) = \lfloor n/p \rfloor + \lfloor n/p^2 \rfloor + \ldots$,Legendre's formula: $\nu_p(n!) = \lfloor n/p \rfloor + \lfloor n/p^2 \rfloor + \ldots$,,,
4,7,5,2,0,KummerTheoremCombinations,Kummera teorēma par binomiālajiem koeficientiem,Kummer's theorem on binomial coefficients,"Lielākā pirmskaitļa pakāpe, ar kuru dalās binomiālais koeficients izteikta ar ciparu summām","The largest power of a prime dividing a binomial coefficient, expressed through digit sums (carries).",,,
4,7,5,3,0,LucasTheoremCombinations,Lūkas teorēma par binomiālajiem koeficientiem,Lucas' theorem on binomial coefficients,"Teorēma par binomiālo koeficientu dalāmības atlikumiem (Lūkas teorēma), kas paredz $C_n^k$ ietilpstošos parametrus $k$ un $n-k$ pārveidot skaitīšanas sistēmā ar bāzi $p$.","The theorem on remainders of binomial coefficients (Lucas' theorem), which converts the parameters $k$ and $n-k$ of $C_n^k$ to base $p$.",,,
4,8,0,0,0,ExamplesInNumberTheory,Pārlase un piemēri skaitļu teorijā,Enumeration and examples in number theory,"Skaitļi ar neparastām īpašībām, Ķīniešu atlikumu teorēma eksistences pierādījumos. Rekurentas virknes. Veselu skaitļu un līdzīgu objektu konstruēšana ar parastu un ar strukturālu indukciju. Ātrās kāpināšanas un paplašinātais Eiklīda algoritms. Funkcionāli vienādojumi veselu skaitļu funkcijām. Gadījumu šķirošana. Skaitļa kvalitatīvu īpašību pārtulkošana par algebrisku vienādību vai kongruenci.",Numbers with unusual properties; the Chinese remainder theorem in existence proofs. Recurrent sequences. Constructing integers and similar objects with ordinary and structural induction. Fast exponentiation and the extended Euclidean algorithm. Functional equations for integer functions. Case analysis. Translating qualitative properties of a number into an algebraic equality or a congruence.,,,
4,8,1,0,0,CasesByCongruenceClass,Gadījumu pārlase pēc moduļa,Case analysis by congruence class,Pilnā pārlase visiem atlikumiem pēc moduļa.,Complete enumeration over all remainders modulo a number.,,,
4,8,2,0,0,CaseAnalysisUsingDivisibility,"Pārlases ierobežošana, izmantojot dalāmību",Restricting case analysis with divisibility,"Pilnā pārlase visiem skaitļiem, kas ir dalītāji vai izpilda citu dalāmības prasību.",Complete enumeration over all numbers that are divisors or satisfy another divisibility requirement.,,,
4,8,3,0,0,CaseAnalysisUsingInequalities,"Pārlases ierobežošana, izmantojot nevienādības",Restricting case analysis with inequalities,"Pilnā pārlase veseliem skaitļiem, izmantojot nevienādības.","Complete enumeration over integers, restricted with inequalities.",,,
4,8,4,0,0,CaseAnalysisByDigit,Ciparu pārlase skaitļa decimālajā pierakstā,Case analysis by digit,Pilnā pārlase visiem decimālpieraksta cipariem vai ciparu pozīcijām.,Complete enumeration over the digits or digit positions of a decimal representation.,,,
4,8,5,0,0,BuildingExamples,Piemēru konstrukcija,Constructing examples,Skaitļu teorijas piemēru konstruēšana,Constructing examples in number theory.,,,
4,8,5,1,0,NumTheoryExamples,Skaitliskie piemēri,Numerical examples,Skaitļu teorijas piemēri konkrētiem veseliem skaitļiem.,Number theory examples with specific integers.,,,
4,8,5,2,0,NumTheoryExpr,Algebrisko izteiksmju izmantošana,Examples with algebraic expressions,"Skaitļu teorijas piemēri, izmantojot algebriskas izteiksmes.",Number theory examples built with algebraic expressions.,,,
4,8,5,2,1,NumTheoryExprForConcepts,Skaitļu īpašību izteikšana kvantitatīvi,Expressing number properties quantitatively,"Izteikt kvalitatīvas skaitļu īpašības (dalāmi ar kko, pēc kārtas sekojoši, nepāru, pilni kvadrāti u.c.) ar mainīgo izteiksmēm","Expressing qualitative properties of numbers (divisible by something, consecutive, odd, perfect squares, etc.) through expressions with variables.",,,
4,8,5,2,2,NumTheoryExprVariables,Mainīgo ieviešana,Introducing variables,"Izvēlēties nedaudzus nezināmos lielumus, ar ko piemērā izteikt citus",Choosing a few unknown quantities through which the rest of the example is expressed.,,,
4,8,5,3,0,NumTheoryExamplesDivisibility,Dalāmības īpašību izmantošana,Using divisibility properties,"Uzdevumi, kuros izmantotas dažādas veselu skaitļu dalāmības īpašības.",Problems using various divisibility properties of integers to build examples.,,,
4,8,6,0,0,IntegerGrouping,Grupēšana,Grouping,"Pierādīšanas paņēmieni, kas paredz skaitļu grupēšanu un reizinājuma (vai citas izteiksmes) novērtējumu katrā grupā atsevišķi.",Proof techniques that group numbers and estimate the product (or another expression) within each group separately.,,,
4,8,6,1,0,IntegerGroupingInPairs,Grupēšana pa pāriem; Vilsona teorēma,Grouping in pairs; Wilson's theorem,"Gara reizinājuma novērtēšana, sadalot reizinājumus pāros līdzīgi kā Vilsona teorēmas pierādījumā.","Estimating a long product by grouping factors in pairs, as in the proof of Wilson's theorem.",,,
4,8,6,2,0,GroupingMoreThanPairs,Vairāku locekļu grupēšana,Grouping more than two terms,Vairāk nekā divu locekļu grupēšana.,Grouping more than two terms at a time.,,,
4,8,7,0,0,Lattices,Režģi,Lattices,Veselu skaitļu režģi,Integer lattices in number theory.,,IntegerLattices,
4,8,7,1,0,OneDimensionalLattices,Viendimensionālie režģi,One-dimensional lattices,Viendimensionāli režģi skaitļu intervālos,One-dimensional lattices in intervals of numbers.,,,
4,8,7,2,0,TwoDimensionalLattices,Divdimensionāla režģa apjoms,Two-dimensional lattices,Divdimensionāli režģi taisnstūrveida apgabalos,The extent of a two-dimensional lattice in rectangular regions.,,,
4,8,7,3,0,LatticePointsWithinBounds,Režģa punktu skaits ierobežotā apgabalā,Lattice points in a bounded region,Veselu skaitļu režģa punktu skaita novērtējumi plaknes vai telpas apgabalā.,Estimates for the number of integer lattice points in a region of the plane or space.,,,
4,8,8,0,0,ConjugateNumbers,Saistītie skaitļi,Conjugate numbers,Kvadrātiskie lauki un saistītie skaitļi,Quadratic fields and conjugate numbers.,,QuadraticFields,
4,8,8,1,0,ConjugateNumbersProperties,Saistīto skaitļu īpašības,Properties of conjugate numbers,Saistīto skaitļu īpašību izmantošana,Using the properties of conjugate numbers $a+b\sqrt{d}$ and $a-b\sqrt{d}$.,,,
4,8,8,2,0,ConjugateNumberSum,Saistīto skaitļu summa,Sum of conjugate numbers,Saistīto skaitļu summa ir vesels skaitlis,"The sum of conjugate numbers is an integer (and its use, e.g. for integrality of power sums).",,,
4,8,8,3,0,QuadraticFieldNorm,Skaitļa norma,Norm of a number,Skaitļa norma kvadrātiskā laukā,The norm of a number in a quadratic field and its multiplicativity.,,,
4,8,8,4,0,PellEquation,Pella vienādojums,Pell's equation,Teorēma par Pella vienādojuma atrisinājumiem,The theorem on the solutions of Pell's equation.,,,
4,9,0,0,0,IntegerPolynomials,Polinomi ar veseliem koeficientiem,Polynomials with integer coefficients,"Polinomu algebras uzdevumi, kas izmanto to, ka koeficienti ir veseli skaitļi (vai arī polinoma vērtības veseliem argumentiem ir veseli skaitļi). Polinomu dalīšana ar atlikumu; Eiklīda algoritms polinomiem. Bezū identitāte polinomiem. Eizenšteina kritērijs par nereducējamību. Teorēma par racionālu sakni. Polinoma vērtību starpības dalāmība ar argumentu starpību.",Polynomial algebra problems using the fact that the coefficients are integers (or that the values at integer arguments are integers). Polynomial division with remainder; the Euclidean algorithm for polynomials. Bézout's identity for polynomials. Eisenstein's irreducibility criterion. The rational root theorem. Divisibility of differences of values by the difference of arguments.,,,
4,9,1,0,0,IntegerPolynomialsValues,Polinoma vērtības dažādos punktos,Values of integer polynomials,Veselu koeficientu polinomu vērtības,Values of polynomials with integer coefficients at various points.,,,
4,9,2,0,0,PolynomialDifferenceDivisibility,Īpašība $(x -y) \mid P(x) - P(y)$,The property $(x-y) \mid P(x)-P(y)$,"Teorēma: Ja $P(x)$ koeficienti ir veseli skaitļi, tad visiem veseliem $x$ un $y$: $P(x)-P(y)$ dalās ar $x-y$.","Theorem: if $P(x)$ has integer coefficients, then for all integers $x$ and $y$, $P(x)-P(y)$ is divisible by $x-y$.",,,
4,9,3,0,0,PolynomialLongDivision,Polinoma dalīšana ar atlikumu,Polynomial long division,"Divu polinomu dalīšana ""stabiņā""",Long division of two polynomials.,,,
4,9,4,0,0,PolynomialVietaFormula,Vjeta formulu izmantošana,Using Vieta's formulas,"Vjeta formulu izmantošana: Ja saknes ir veselas un reālas, tad ar tām var izteikt visus polinoma $P(x)$ koeficientus.","Using Vieta's formulas: if the roots are integers/real, all coefficients of $P(x)$ can be expressed through them.",,VietaFormulas,
4,9,5,0,0,RationalRootTheorem,Polinoma racionālās saknes,Rational root theorem,"Racionālo sakņu teorēma: Ja $x=p/q$ ir $P(x)$ racionāla sakne, tad $P(x)$ vecākajam koeficientam jādalās ar $q$, bet brīvajam loceklim jādalās ar $p$.","The rational root theorem: if $x=p/q$ is a rational root of $P(x)$, the leading coefficient is divisible by $q$ and the constant term is divisible by $p$.",,,